Constant_X,Variable_Y
42,0.642270285
42,1.046715847
42,-1.31500936
42,0.003075011387
42,-0.9115039365
42,0.9101139558
42,0.123457399
42,0.9138689414
42,-0.6405084044
42,0.04956360192
42,-0.3365579914
42,0.6344018324
42,1.276884433
42,1.826268925
42,0.8212093237
42,-1.377506332
42,0.6847555823
42,1.753390772
42,0.09328649089
42,-0.5373761483
42,-1.007953843
42,-0.7373102341
42,0.5209752485
42,-0.1741938075
42,0.9762790986
42,0.8714530868
42,-1.590463772
42,0.5309501358
42,0.4818504471
42,1.638897126
42,-0.8992169867
42,1.941901747
42,-0.6013852721
42,-0.2541307657
42,-0.520841285
42,1.677798299
42,-0.2689623907
42,1.798282606
42,-0.7426074584
42,1.586295294
42,0.8521986785
42,-0.008049256813
42,-0.2912571273
42,0.08211934088
42,1.179378452
42,0.6229428211
42,-0.309385993
42,-0.02697230709
42,-0.3164215387
42,0.7198588374
42,0.1072212842
42,0.03978837604
42,-1.426722778
42,-0.7244784132
42,-1.345954685
42,-0.2493726164
42,-0.3513101612
42,-0.04021718208
42,-0.07613273523
42,2.093435486
42,0.8639300188
42,-1.364854842
42,-1.202375851
42,0.5152891326
42,0.3251643845
42,-0.5430153159
42,1.575090481
42,-0.7602342369
42,0.7494372813
42,0.9383654558
42,0.8486431908
42,-0.6982710497
42,-0.5191286817
42,-1.46203726
42,1.65049095
42,1.031450148
42,-0.1625325566
42,0.7614028695
42,0.4546694575
42,-0.5356899042
42,-1.405987938
42,0.3859262406
42,-0.7788435374
42,0.09467481722
42,1.189501774
42,-0.3328202938
42,1.071186146
42,-0.6508633048
42,-0.07623098574
42,-1.37994227
42,-0.06233748081
42,1.915048318
42,-0.1036564146
42,-0.04907975597
42,-0.5927606374
42,0.8169100927
42,-0.815238754
42,1.309815566
42,0.9459153243
42,-0.1492321843
42,0.05176834348
42,-0.03745092416
42,-0.1726608181
42,0.2966792171
42,0.8407029681
42,-0.214537956
42,0.629872391
42,0.3624885502
42,1.077790458
42,0.6990707391
42,-0.2567702561
42,-0.3592201087
42,-0.6700184222
42,0.3536031455
42,-0.1356513779
42,-1.165071206
42,-0.6624912504
42,0.8297650758
42,-0.8037780985
42,-1.306363861
42,2.431189918
42,0.7073332735
42,1.067675872
42,2.27598512
42,1.53251123
42,0.7601123004
42,0.4330693693
42,1.106432706
42,1.378599514
42,0.9256470862
42,1.327287214
42,-0.3303007925
42,0.113057163
42,0.2020857519
42,-0.362037756
42,0.1767651325
42,1.726607768
42,-0.6664500536
42,-0.2124982547
42,1.248440311
42,2.399309083
42,0.6631409359
42,0.1214449408
42,-1.064552909
42,-0.4644107113
42,-0.3794653617
42,-1.166693704
42,0.08017040075
42,-1.183614675
42,0.06878623939
42,-0.1408126771
42,0.02932382377
42,-0.5765155041
42,0.5100759999
42,1.004354123
42,1.871835492
42,-1.131675766
42,-1.402464396
42,-1.693723597
42,-2.138895332
42,-1.232804856
42,0.7297479295
42,-1.20345498
42,1.247680703
42,0.4544872019
42,0.7201153744
42,-0.2749315513
42,-0.9263146733
42,-1.267183106
42,-0.6393459367
42,-0.4271292176
42,1.60513941
42,1.376165706
42,-0.894663876
42,1.080012135
42,-0.46120843
42,0.228665461
42,0.2925978702
42,0.4827204281
42,1.86429491
42,-0.3329660135
42,0.03376116773
42,1.464332458
42,0.8858342876
42,0.9534942523
42,0.08487779252
42,-0.4467247804
42,0.7098632639
42,0.2920688094
42,-0.557628749
42,-2.075215319
42,1.368745464
42,-0.1705274043
42,0.6465089372
42,0.2434612264
42,-0.009844524221
42,0.07310908205
42,-0.346394087
42,-1.153918754
42,0.4547206626
42,0.2521922178
42,-0.1683788612
42,1.400717483
42,1.421515372
42,0.899690035
42,1.088533883
42,0.6169450879
42,-0.7415676133
42,-1.906764087
42,-0.06966863127
42,-0.6080198305
42,1.732148142
42,-0.3118966796
42,0.5168489692
42,-0.3621644496
42,1.328136439
42,-0.423866821
42,-0.05676134012
42,1.430489171
42,-0.516544591
42,-0.4921439874
42,1.246721225
42,0.736146593
42,0.2238452273
42,0.3235739755
42,0.4639343605
42,-0.6266487067
42,0.02739666947
42,2.234709493
42,2.122074402
42,-0.2639253395
42,0.4596851568
42,0.2273282261
42,0.9301607943
42,1.426515564
42,0.005163448507
42,0.401842487
42,0.3537682416
42,1.24817978
42,-0.458480337
42,1.445597894
42,-0.5824624765
42,0.5640941998
42,0.422252164
42,1.432787319
42,0.3647278454
42,0.1565315189
42,-1.022485267
42,-0.5220395733
42,-0.3899172785
42,1.332536391
42,0.6113905793
42,-1.092822157
42,0.775465606
42,-0.5599940578
42,1.132238638
42,-0.06503992641
42,-1.44815273
42,-1.180903891
42,-1.254605365
42,-0.3756128562
42,-0.8867565844
42,0.8001746313
42,1.171053995
42,-0.2660573986
42,0.983644717
42,1.948900263
42,-0.124185356
42,-1.432241958
42,-1.251880837
42,1.720686274
42,1.473743029
42,-0.8727346333
42,0.07453974507
42,0.3216438597
42,0.4624014564
42,-0.8287084414
42,-0.8448031678
42,-0.5920068969
42,-0.5378384457
42,1.83203162
42,-2.121536213
42,-0.8373930027
42,0.8250827848
42,-0.7404688068
42,-0.3506823488
42,-0.1791820092
42,1.558263236
42,-1.83898978
42,0.07762649651
42,-0.8892989139
42,-1.153769793
42,0.3776966382
42,-0.8192599468
42,-0.8857637932
42,-0.4162081214
42,-1.649961421
42,1.352076818
42,0.9869600213
42,-0.5010490181
42,0.002118492363
42,1.836849128
42,1.0866184
42,0.5092004526
42,0.7839350952
42,0.3970348663
42,-0.9806023377
42,0.7116863652
42,1.031243091
42,-0.2647237164
42,0.4848543958
42,0.5369772772
42,0.5584560221
42,-0.5773166358
42,0.1039237741
42,-0.8154887311
42,1.447452492
42,-0.5327480667
42,0.5435418207
42,-1.780958667
42,1.736046234
42,1.002935582
42,0.5013743331
42,-0.5029430004
42,-1.105243093
42,1.236737135
42,-1.369590499
42,-0.5269071094
42,0.3959128579
42,0.7652875072
42,2.91273867
42,1.663311737
42,-0.8775304364
42,-1.026751386
42,0.2815011297
42,1.835122253
42,-1.316353828
42,-0.7539158116
42,0.1689587356
42,0.9136236983
42,0.1397047196
42,-2.363396941
42,-0.2696233903
42,0.3867829243
42,0.3616281355
42,0.2765377095
42,0.5190922972
42,1.555823678
42,-0.4454003485
42,-0.08550575315
42,-0.6230757083
42,-0.4919648269
42,0.04069663084
42,0.5917082042
42,0.5758325803
42,0.2426931631
42,-2.059621312
42,0.1218653427
42,-2.833357131
42,1.953977234
42,0.06069253931
42,-0.2858127451
42,-3.074032537
42,0.9848708216
42,-0.07296434417
42,0.8343600391
42,-0.7468328831
42,-1.078424464
42,0.1464752225
42,0.2848842307
42,1.168827231
42,0.08994281025
42,0.1433012727
42,2.404041673
42,-0.7219615763
42,0.05380810523
42,-0.3586898427
42,-1.940946735
42,0.9429991154
42,-0.8311166168
42,-0.5434516259
42,0.7019101744
42,-0.06609336253
42,0.2787818533
42,0.5410496254
42,-0.4588056907
42,-0.7291767168
42,-0.7323831867
42,0.9417614376
42,-1.555189056
42,-0.9652715788
42,-0.9060656011
42,0.8781394862
42,0.8183902828
42,-0.7621102932
42,-0.8156750639
42,0.4616452192
42,1.098894188
42,-0.1475095998
42,-1.747577685
42,-1.099108436
42,-1.633023319
42,2.35779108
42,0.791123408
42,1.707150224
42,1.407688591
42,0.4822188759
42,-0.02295770472
42,0.09002865552
42,0.5708176736
42,-0.03029074634
42,0.9099143491
42,-1.886244227
42,-0.7246158959
42,-0.1160057572
42,1.818689921
42,-0.5319149358
42,1.729332408
42,1.843397941
42,0.6825370167
42,0.4006800652
42,-0.5848531145
42,1.209603825
42,-1.227292307
42,1.663557084
42,1.154932363
42,-0.1768981162
42,-0.4381244205
42,-0.8775979108
42,1.744981045
42,-0.5319269039
42,0.8476005257
42,-0.7452396137
42,-0.3007882063
42,-0.764203968
42,0.01827694476
42,-0.5046106794
42,0.9026961226
42,-0.9164880673
42,1.019413524
42,0.5415212533
42,1.140427983
42,0.0523833619
42,-0.7663169739
42,-1.783118941
42,-0.171367802
42,0.6759109087
42,-0.8119516656
42,-0.3956798988
42,0.209383173
42,0.2133162213
42,0.677684195
42,1.530319396
42,0.01468145305
42,-1.728698885
42,-0.4686148445
42,0.7135416093
42,0.3098345686
42,1.342751604
42,-0.3655921364
42,0.8885256889
42,0.7203882432
42,-1.701477675
42,0.6456542307
42,-0.9302185094
42,-0.1998674693
42,0.9917455437
42,1.035398047
42,-0.3374513732
42,1.541487713
42,0.3344066009
42,-1.849109955
42,-0.1966272457
42,0.9910351799
42,0.1015247583
42,0.07036573501
42,1.242501461
42,-0.1852153237
42,-0.9611402628
42,-1.324510531
42,0.2858960234
42,-0.2036143443
42,0.1548623412
42,0.50805744
42,-0.2241056798
42,0.457127398
42,-0.4734012007
42,-0.6424631077
42,-0.5905921399
42,0.4286012782
42,1.031289532
42,1.787737128
42,-0.4655895219
42,1.006810369
42,-0.08735561617
42,0.9155479953
42,1.591881819
42,-0.8536796739
42,0.2498621886
42,0.5024866259
42,-0.4762136021
42,0.463813543
42,-0.8077922065
42,0.5099366767
42,0.6488450668
42,1.409599325
42,-0.4913308868
42,0.05853221981
42,-0.1281732252
42,1.083477989
42,-0.6751012373
42,1.204790487
42,-0.04458558579
42,0.2189185113
42,-1.558941022
42,1.479507653
42,-1.062773864
42,-0.09784918947
42,-0.09215639629
42,-1.385536615
42,0.8742450515
42,0.1007774506
42,-0.5896366631
42,0.8321702673
42,0.5455487972
42,1.13198748
42,1.540877113
42,-0.1472520902
42,0.8530592227
42,-2.083115564
42,0.8452347203
42,0.8533598841
42,-0.7203829038
42,-1.633725872
42,0.05253801729
42,-0.999828878
42,0.703658327
42,-0.2888835076
42,1.019537543
42,-0.555832602
42,0.6807679714
42,-0.1824544782
42,0.446409985
42,-1.794073915
42,-0.4372393174
42,0.118387605
42,-0.1289977896
42,-1.372176102
42,1.974466572
42,-0.04264204326
42,-0.08447951125
42,-0.9734289699
42,-2.280558241
42,-0.294136795
42,1.21719203
42,1.251556398
42,0.3273253128
42,0.397061885
42,0.1555517673
42,0.1805453973
42,-0.08685298821
42,1.024385942
42,0.8125000296
42,-1.090676039
42,0.9385829678
42,-1.145839066
42,-0.3725593215
42,1.189088187
42,0.5029248655
42,0.124000466
42,2.950052114
42,-0.1198244855
42,0.6990671428
42,-0.511251129
42,-0.8150149231
42,-0.01465583336
42,0.6812306308
42,0.941786685
42,-0.1092069
42,-1.144309492
42,-0.0408903273
42,0.3458291677
42,-0.3632588169
42,-1.20027379
42,1.119835351
42,-0.6168535624
42,0.3462554197
42,0.4778159438
42,-0.4560199685
42,1.199843464
42,0.09270171933
42,2.185836372
42,0.6053465331
42,1.355838817
42,0.4130522811
42,1.460744616
42,-0.9632225643
42,0.182202484
42,0.1676594752
42,0.3171889458
42,0.9643845845
42,-0.1200770768
42,0.1130697672
42,0.5213786755
42,1.1614695
42,-2.277050715
42,1.911099749
42,0.8682032392
42,0.4991636288
42,1.101034472
42,-0.4962456136
42,0.3786105081
42,-0.1205926871
42,1.397309097
42,0.3551068328
42,-1.835645849
42,-0.8445934404
42,1.740499754
42,0.9254329829
42,0.2523605595
42,0.4259786162
42,0.9678549522
42,0.5160619885
42,-0.9788720789
42,0.1302489265
42,0.3094197066
42,0.7982614411
42,0.3968961141
42,0.7184903613
42,-1.33998555
42,0.2513033824
42,-1.054893267
42,1.308695053
42,0.9583115296
42,-0.805123518
42,0.002282163058
42,0.5640686853
42,-0.08532692221
42,-0.06402719207
42,-1.586089497
42,-0.3802967037
42,-1.36358535
42,0.8182082947
42,-0.6708627248
42,2.294084198
42,-1.128412898
42,0.03542085939
42,0.46628762
42,0.1875419325
42,-0.2875029995
42,0.8762520318
42,0.1199333497
42,-0.8656216075
42,-0.9783834708
42,-0.2793641553
42,-0.420427672
42,1.006506827
42,-1.140810686
42,0.4830707089
42,0.3443749629
42,1.083447933
42,-0.7523088478
42,-0.05123949874
42,0.2792371584
42,-1.819605661
42,0.5396500542
42,-0.3403949721
42,-0.06108253489
42,1.591656136
42,0.8106225027
42,-0.2764600082
42,-0.1077540418
42,1.496879457
42,0.3160429038
42,-0.09330009001
42,0.4773624225
42,-0.4572227625
42,1.470648887
42,-0.5253178156
42,-1.106050794
42,-1.562514807
42,-0.8465369194
42,-0.2172468688
42,1.881758922
42,0.3995380753
42,-0.2480270597
42,0.7901502598
42,0.6712534596
42,-0.02329519431
42,0.1542725103
42,-0.09268350296
42,-0.22054149
42,0.2948272692
42,1.701492359
42,0.4229189296
42,-1.515574559
42,0.1401186997
42,1.066098769
42,1.962629305
42,-0.1758671396
42,0.5969831343
42,0.3627874603
42,0.9325661271
42,-0.3542210429
42,-1.324982121
42,1.409686684
42,1.891237434
42,1.361432185
42,-1.522640909
42,0.1723637457
42,-0.5034746131
42,0.6845392981
42,-1.272522718
42,-0.75351132
42,-0.6246876287
42,-2.284543881
42,-1.090279894
42,-2.170293612
42,0.3761973333
42,0.535086099
42,-0.3061794579
42,0.5990265324
42,-0.9553543179
42,1.613785379
42,-0.562170271
42,-0.2598032683
42,-0.7611485624
42,2.029048302
42,0.9045803316
42,-1.937398006
42,1.201751722
42,0.2575366834
42,1.128426999
42,1.031057565
42,-0.3289048151
42,0.3791364347
42,-1.153775143
42,1.027174051
42,-1.449115795
42,-1.71803266
42,0.7509158362
42,0.3359015778
42,0.1773620385
42,-1.206189711
42,0.05455679808
42,-1.377492009
42,0.3525492395
42,0.5952790254
42,0.4437347761
42,0.231989461
42,-0.92019548
42,-1.255940558
42,-0.1246383009
42,0.5218319691
42,1.07432869
42,-0.6968048383
42,-0.258451927
42,1.530363504
42,1.357372452
42,0.09858928371
42,1.424408064
42,0.7574083551
42,0.2001102961
42,-2.349470435
42,0.1163094727
42,0.3888515127
42,0.3213693174
42,0.3485609062
42,0.8725701122
42,0.3534974657
42,0.7204206436
42,1.404454101
42,1.156022842
42,0.6415289712
42,0.1080925074
42,0.3445915695
42,-0.5653528471
42,1.466482268
42,-1.475964541
42,-0.1097715023
42,-0.7721668484
42,0.08263352891
42,-0.1828944335
42,-1.575152865
42,-0.954266588
42,0.2020295222
42,1.07540184
42,0.4502835224
42,0.3066690848
42,-1.258721429
42,-0.9722522569
42,1.082850237
42,-0.4464821187
42,-0.4163086847
42,0.1984933573
42,-0.001372480068
42,0.8701717045
42,-0.3299538188
42,-0.2164677274
42,-1.672852425
42,-0.3182611102
42,1.580727019
42,0.7849110672
42,0.2408936797
42,1.236368499
42,-0.8430178665
42,0.2837711648
42,0.3347287401
42,1.393598072
42,0.4547439946
42,-0.9828878277
42,0.9443937175
42,-0.03843417948
42,-0.3535436538
42,-0.236300446
42,-1.411188409
42,0.6138067636
42,-0.2053808187
42,-0.7459691847
42,-0.1078827387
42,-0.7028870056
42,-0.5740691286
42,2.182820365
42,1.025931553
42,-1.015770774
42,0.1367571322
42,-0.274040268
42,0.2157166342
42,-1.257749435
42,-0.8666811708
42,1.71811938
42,1.804885175
42,0.05254699756
42,1.292234687
42,0.5909358286
42,-0.9348109453
42,0.8437179664
42,0.3799715069
42,0.4862266017
42,0.2319487254
42,-1.30460072
42,0.8977553443
42,0.7855624941
42,0.1150150921
42,0.49969475
42,0.4870736493
42,0.216229225
42,-0.1391664513
42,-2.214109468
42,-0.5522449479
42,0.5002690572
42,-0.476336678
42,-1.743180863
42,0.08623495908
42,1.110012933
42,-1.343716006
42,-1.376218663
42,-0.002807099984
42,-0.7727078246
42,-0.1209724176
42,0.2830671018
42,1.187041928
42,-0.8988233826
42,0.6301537603
42,1.712163894
42,1.968486953
42,-0.5036928831
42,1.187058995
42,2.18591529
42,1.502721485
42,0.679151451
42,-1.339487196
42,1.141713729
42,0.0537442096
42,1.269283937
42,1.178939635
42,1.217746975
42,-1.067354011
42,-0.120477617
42,-1.883596495
42,-0.1084937527
42,0.9132421006
42,0.1690524656
42,0.04558643261
42,-1.314431404
42,-1.621677704
42,2.694556975
42,-0.3971726791
42,-1.144587542
42,1.272395926
42,0.1275425584
42,0.2253906318
42,-0.05444976226
42,1.054260708
42,-0.6266866259
42,0.5229624956
42,0.7921718425
42,-0.4818395026
42,1.618462574
42,-0.05238537968
42,0.8913467636
42,-0.7454909902
42,0.01793150439
42,-0.7958757965
42,-2.128844024
42,0.2124936332
42,1.338141652
42,0.8607874356
42,0.8694114408
42,-0.001531653213
42,-0.2755446751
42,1.567389751
42,-0.09686778467
42,0.6896424097
42,-0.477879551
42,-0.6833990575
42,1.185035569
42,-2.382845242
42,0.8238437199
42,0.6346693079
42,0.2051334962
42,-2.994388892
42,-0.1319101971
42,1.019578059
42,1.311254673
42,2.684209314
42,1.868216333
42,0.5406377962
42,0.554613668
42,-1.010894743
42,-0.9238123844
42,0.04515526763
42,-1.101598829
42,0.7092528159
42,-0.3372595791
42,-0.5474402822
42,0.1516867699
42,0.4711295301
42,-0.4187731472
42,0.1838280284
42,-0.6850647647
42,0.03192346625
42,0.1954755174
42,-0.8053592362
42,0.9984673342
42,-1.520208564
42,-0.234695254
42,1.02921773
42,-1.123785344
42,-1.541264572
42,-0.5721986793
42,-1.431607203
42,-0.2551757451
42,0.2480838051
42,-0.6598584872
42,-0.4505778446
42,-1.296644377
42,-1.803191807
42,0.01186061551
42,-0.7205276152
42,0.6668347571
42,0.4354433992
42,0.8363823806
42,-1.055513072
42,1.054653537
42,-0.2435920855
42,-0.9529060915
42,-1.151286695
42,1.362235143
42,0.9349476835
42,0.5120849477
42,-0.7581057538
42,0.3001810601
42,0.003165552798
42,0.7077926907
42,0.4313420514
42,-0.2304914501
42,0.1821490808
42,-1.445490381
42,0.1089756956
42,0.6231814189
42,-0.02436301949
42,0.2915199369
42,-1.150061599
42,-0.4550652341
42,2.324485912
42,0.5550660758
42,-0.333370523
42,0.1374027781
42,0.8195582992
42,-0.5592614621
42,0.918245917
42,-1.085369626
42,0.528331798
42,0.2375587833
42,1.190296531
42,0.3408775659
42,2.176127199
42,-1.356445407
42,0.0394845214
42,-2.049600887
42,1.153990254
42,1.439277896
42,0.6533748611
42,1.14909188
42,0.8760169883
42,-0.6756135383
42,-0.0778482049
42,0.7687807642
42,3.146851132
42,-0.1773251534
42,-0.3191764148
42,0.9754178233
42,0.03288609184
42,-0.4547892323
42,-1.192871833
42,0.1208495139
42,0.1079711855
42,0.2603086816
42,0.7567672094
42,-0.838451495
42,-1.121603712
42,0.8256951732
42,-0.8520294905
42,-0.7091726642
42,0.4518810509
42,0.5372030793
42,0.006669292738
42,0.1023693585
42,2.814376925
42,1.077996899
42,0.7748748433
42,1.00213626
42,0.4775229084
42,2.657798934
42,0.1052133755
42,-1.093835079
42,-0.2322246392
42,-0.1606006109
42,-1.446534455
42,1.255278883
42,-2.15744953
42,-1.864929735
42,0.9440832531
42,-1.047537606
42,0.9176368601
42,0.6153952913
42,1.249438696
42,-0.606910633
42,2.222897721
42,0.3675469185
42,0.6682864307
42,-0.415356187
42,0.7009839708
42,-0.2372609541
42,0.66823202
42,0.04277527019
42,-0.2370303402
42,-0.4385473676
42,0.1564734722
42,-1.306039956
42,-0.3378470089
42,-0.587766224
42,0.4975403944
42,0.8703484408
42,-0.9259777884
42,0.3715337461
42,-2.481875787
42,0.5514587516
42,-1.176357304
42,1.258743112
42,1.845372041
42,-2.94918971
42,-0.2424287389
42,-0.3912897866
42,1.414873359
42,0.7376065411
42,-0.5264246849
42,-0.1449158921
42,0.5327846665
42,0.4600205075
42,1.262014134
42,-0.01574805886
42,-0.9812897434
42,-0.3132224892
42,1.544157668
42,1.326406839
42,-0.5634781352
42,-1.491393073
42,0.5423567236
42,-1.383674702
42,0.9529528216
42,0.9277287066
42,1.284365027
42,-0.7279935782
42,-0.9303593105
42,-0.5495684717
42,0.35045135
42,0.1247663719
42,-1.35652585
42,-1.053089077
42,-0.8674183494
42,1.075225821
42,-1.684929265
42,-1.876601095
42,0.03978756377
42,-0.5553206114
42,0.4470412252
42,2.153282715
42,0.4693021447
42,0.1866759945
42,-0.4348540824
42,-1.274300618
42,-1.914899305
42,-0.618934186
42,-1.175927311
42,0.910491395
42,1.113152052
42,-0.551096409
42,-0.2046089129
42,-0.8343619033
42,1.1916247
42,0.05553506066
42,-0.5010967575
42,0.4561880531
42,0.3619331334
42,0.5669622057
42,0.2240616825
42,1.869250903
42,-0.8985070773
42,2.355119279
42,0.7720538054
42,0.7936152486
42,-1.301424846
42,1.125879999
42,-0.5116796921
42,0.4465072025
42,0.8510812783
42,-0.6342044079
42,-0.6105795653
42,1.72242257
42,-0.008498030046
42,0.9551014944
42,0.03229197833
42,0.08374689675
42,0.5351680339
42,-0.1581762368
42,-0.4464414586
42,-0.5460378152
42,1.760796659
42,0.7470620431
42,-0.2491247155
42,-0.6696884704
42,-0.3859584435
42,-1.152763892
42,0.007114345839
42,0.405126469
42,-1.062083386
42,0.04224714643
42,-0.4959790089
42,0.2269434115
42,-2.131626847
42,-0.3409374701
42,-0.3632078556
42,-0.4524684302
42,0.2968519262
42,-0.8269197781
42,0.2488344811
42,-0.3458054989
42,0.08467370876
42,1.545653264
42,-0.3745583424
42,-0.7099197488
42,-1.035150947
42,-1.164934671
42,1.292829471
42,0.009314393905
42,-0.3095902373
42,2.296223224
42,0.8999403033
42,-0.0375806071
42,2.076619012
42,-0.5585213436
42,-1.286086354
42,-0.897885176
42,-1.164283792
42,0.9675645983
42,1.964298423
42,-1.360080672
42,1.142713474
42,1.083922517
42,1.410053016
42,-1.590921274
42,0.2232673587
42,0.5449513018
42,-0.4762101788
42,0.5947541818
42,0.2765403342
42,-0.6781777147
42,-0.2051497405
42,0.8505383168
42,-0.1010397955
42,-0.8950840983
42,-1.787029578
42,-0.08840344473
42,0.7352492327
42,0.0517394473
42,0.2285164208
42,1.977890105
42,-0.7113603702
42,-0.5343373676
42,-0.3382822083
42,1.838898114
42,-1.804266938
42,0.2930860106
42,0.6028112657
42,0.8747552534
42,1.091887664
42,1.107450845
42,0.8084852858
42,-0.898705091
42,0.5013364445
42,0.09825314339
42,0.980186041
42,0.3893554137
42,1.092893285
42,0.4754723293
42,0.9332353479
42,0.3401191694
42,-0.1311626496
42,1.320318239
42,0.1079475437
42,0.7129939613
42,0.7706088236
42,-0.119554398
42,-0.3206990162
42,-0.2728732694
42,0.8657145935
42,-0.1047886046
42,0.207303822
42,-0.2942182236
42,-0.6335723843
42,-0.247675423
42,-0.5016616081
42,-3.530368833
42,0.5510258855
42,-0.9049819622
42,-0.04611880671
42,0.9831153415
42,0.8429674027
42,0.05677112585
42,-0.3927352027
42,-1.445533511
42,-0.005171408724
42,0.5880247775
42,1.132861929
42,0.9169370355
42,-0.4613637412
42,0.1247456301
42,0.8464923503
42,-0.5361425008
42,0.202984794
42,0.07709548312
42,1.963847561
42,0.336391416
42,0.08386826997
42,-0.7040110346
42,0.5053782699
42,0.00158423137
42,1.282561642
42,-1.100470697
42,1.082582303
42,-0.3146415491
42,-0.7238932136
42,0.7382941339
42,-0.002644241803
42,0.9369140312
42,-0.7674859362
42,0.5871337971
42,-0.6091917792
42,0.6950257386
42,-0.3718068647
42,-0.7141162518
42,1.61351452
42,2.250471491
42,-0.08160168022
42,2.136638012
42,0.4311474378
42,0.5462747003
42,1.329230254
42,-0.7985689294
42,0.1294306341
42,-1.764486635
42,0.5427808405
42,-0.3101926554
42,-0.1750081012
42,-0.7810504778
42,1.186810183
42,0.548458688
42,0.2387542222
42,-0.8699407103
42,0.3105357014
42,-1.730791328
42,0.5391404843
42,-0.1628515879
42,0.8437792077
42,-0.9065905694
42,-0.8398570856
42,0.4524468089
42,0.8975255666
42,0.3807684164
42,-0.7925463044
42,0.7797164237
42,0.4003895532
42,1.017661547
42,0.015439743
42,2.238312303
42,1.618424295
42,0.164742492
42,-0.327149087
42,1.498602769
42,-0.2226799766
42,-0.6449278772
42,0.687919392
42,0.2086512959
42,-0.185396164
42,-0.1674895248
42,0.2750115726
42,-1.262430786
42,1.364821258
42,-1.470113851
42,-0.5652913431
42,-0.9779164054
42,-0.5607660553
42,-1.565204392
42,-0.3567578832
42,0.6144765714
42,-0.2679097046
42,0.6895254126
42,-2.0915996
42,-0.1091783589
42,1.693305663
42,0.0407993818
42,-0.1435946268
42,0.6675759965
42,-0.8909516738
42,-0.4922250031
42,0.7670243797
42,-0.2476925461
42,-1.161565559
42,1.802576056
42,0.875857297
42,-0.4421801498
42,1.021107425
42,0.05894007963
42,0.259252325
42,-0.184214154
42,0.1919201308
42,-0.6749299689
42,0.3807634914
42,1.070898657
42,0.700747781
42,1.111075644
42,-1.240959577
42,-0.8512682495
42,0.5333994569
42,-0.9567405763
42,1.316903293
42,-0.1447921277
42,-0.3146265113
42,-1.209865215
42,-0.7004205181
42,0.2253668746
42,0.1048922871
42,1.533298642
42,0.7167897942
42,-0.4624294822
42,-0.3079036731
42,0.3504793716
42,0.5469396887
42,1.182677315
42,0.5145769512
42,0.4530029773
42,-2.483770189
42,-0.7002193456
42,1.553875107
42,-0.1951693848
42,0.7266776841
42,-2.082699121
42,0.6990405416
42,0.211072855
42,0.8331188541
42,-0.08835170834
42,-0.6942494743
42,0.5743001664
42,1.1964024
42,0.9785338709
42,-0.226100833
42,0.03305319565
42,-0.6577797245
42,2.075213915
42,-0.2817310176
42,1.768306191
42,-0.1873871938
42,0.2796487651
42,1.867607803
42,1.925668676
42,0.07339783805
42,-1.25967386
42,0.8664645992
42,-0.5255687252
42,0.2751513455
42,0.6633703302
42,0.2996685662
42,0.04124454669
42,-0.3955479364
42,0.2948503838
42,0.5600816207
42,0.3082230722
42,-0.663091565
42,-1.075849734
42,-0.5891698378
42,0.9702200808
42,0.9983897093
42,1.272359674
42,-1.59592381
42,0.06749953749
42,-0.3782624727
42,0.207276703
42,0.417784659
42,1.330399923
42,-0.8975299454
42,0.6397240753
42,0.9676517763
42,0.8382982044
42,1.02296032
42,0.09202375176
42,1.293874612
42,-0.2316664158
42,-0.9314179005
42,1.016690388
42,0.8381124973
42,-0.7366711274
42,2.358549562
42,-0.8127774833
42,-2.15664479
42,0.5526869718
42,1.252118211
42,-0.640282489
42,2.163699994
42,0.8270840021
42,0.03990507059
42,0.3361292238
42,-0.5922019266
42,-1.166733508
42,0.3997672319
42,0.2264606892
42,-0.614847009
42,2.252681664
42,-1.399267609
42,0.9502438593
42,0.07967934534
42,-0.1843875646
42,-0.2529778709
42,-0.002372874169
42,-0.4717185804
42,1.520208921
42,-0.06592570727
42,0.6834013335
42,0.2636708494
42,1.578539326
42,-1.494809473
42,-0.5556877176
42,1.792496985
42,0.4911339706
42,0.528732455
42,-2.668253019
42,-1.082182652
42,-1.469915809
42,-1.229814023
42,0.3263696496
42,0.712170304
42,1.361251747
42,-0.2115408059
42,-0.01532157617
42,0.6457411234
42,1.444962487
42,1.084952436
42,-0.8990956736
42,-0.8992740902
42,-0.0882302756
42,-0.2565746425
42,0.2832964285
42,0.3030647284
42,0.4577943973
42,0.1606055127
42,-0.07967456918
42,0.1384881248
42,-0.8012505899
42,-0.5983156082
42,-0.2268532408
42,-2.43170929
42,0.09077852193
42,0.1254300066
42,1.619108516
42,-0.04444392559
42,0.7787214292
42,-0.2831514103
42,-0.8174902801
42,-0.4313885869
42,0.725506907
42,-1.291126045
42,-0.5679028898
42,1.176006667
42,-0.5389774731
42,-0.03965417134
42,-1.27315627
42,-1.000711683
42,2.799098532
42,-0.5100340349
42,-1.3954208
42,0.1340026897
42,-0.5129791952
42,1.480207914
42,1.186435187
42,1.440317398
42,-1.845132847
42,1.253378499
42,1.14789405
42,0.9412614105
42,-0.2353340997
42,0.07330576579
42,1.207733444
42,-2.099163309
42,1.248427743
42,0.5271516458
42,1.025719199
42,-1.456536803
42,-0.3204059386
42,-0.700000938
42,-1.349535961
42,-0.907504592
42,0.9360129982
42,0.2370088555
42,-0.9025434972
42,0.2220136446
42,0.8443145078
42,0.1669579078
42,-0.5096465971
42,-0.1793749919
42,0.6940363521
42,0.6406069695
42,-1.315852883
42,1.311657857
42,1.058518128
42,0.2161832434
42,1.68641445
42,0.1090053417
42,-0.4736052678
42,0.4226669924
42,-0.2777628481
42,1.236249974
42,-0.02286333856
42,0.5491558141
42,-1.748464889
42,0.7078986107
42,0.3042185812
42,-1.753839559
42,0.2920627534
42,0.2677342264
42,-0.2371179446
42,3.028627957
42,-0.7013564222
42,0.3570996227
42,-1.279395234
42,0.1707486357
42,0.3164821672
42,-0.7113901051
42,-0.9101502485
42,-0.04114059532
42,-0.8096844603
42,0.4754867196
42,0.4304362352
42,0.9529837161
42,0.8357104837
42,0.7877506468
42,1.108257253
42,0.8029569847
42,0.04747513822
42,-1.18667323
42,0.06379162293
42,1.340185673
42,-0.01667982446
42,1.967003902
42,-0.844648815
42,-0.02394233079
42,-0.05965056296
42,1.094794751
42,-0.3044393442
42,0.8063902157
42,-0.5023239162
42,1.634645245
42,-0.776962606
42,0.8294673153
42,0.2809875706
42,-0.361634006
42,-1.200720662
42,1.247104523
42,-2.502240945
42,1.311090285
42,-0.5298082649
42,-1.121761149
42,0.2581507046
42,-0.4066305352
42,-1.904216107
42,1.195256511
42,1.364768809
42,0.6278797851
42,1.328342309
42,0.3823736077
42,0.9059907135
42,-0.94762107
42,-1.201657841
42,0.5973014068
42,1.201677729
42,-1.396526052
42,-0.6112850717
42,-1.202389577
42,-2.152078714
42,0.6406973176
42,1.238476418
42,0.3016377222
42,0.5484976977
42,-0.5881068001
42,-1.1532144
42,-0.8643352596
42,0.9648856235
42,-1.47133004
42,0.8244912677
42,-0.4920579949
42,-1.109980411
42,0.3905345672
42,-0.09574248802
42,0.6507277367
42,-0.7289876471
42,-0.8769615464
42,-0.05397125894
42,0.8506467819
42,0.7486307444
42,-0.9271572394
42,0.5443016811
42,1.706095761
42,0.3207304378
42,-0.08354096239
42,0.4913666168
42,-0.2131840927
42,2.246985112
42,-0.2812394686
42,-0.1181512587
42,-1.504653387
42,0.6274554057
42,1.119974949
42,2.022246075
42,0.2057862842
42,0.4875707847
42,-0.9097215301
42,0.09563048373
42,-0.7446037799
42,-0.1757941662
42,0.1617673083
42,0.3982575365
42,0.8613413775
42,-0.6403637084
42,-2.252803323
42,0.2824475956
42,1.007653352
42,-1.259777588
42,0.5091318191
42,0.4804196715
42,-0.297428833
42,1.057314305
42,2.239802253
42,0.8194876592
42,0.3512164482
42,0.5770230508
42,0.6670214282
42,-2.252479798
42,-1.432869953
42,-0.2986989389
42,-1.971251444
42,1.024905749
42,0.4059129005
42,0.3138249623
42,-0.07114057353
42,-0.2300020544
42,-0.6750213349
42,0.03964634017
42,0.04710617497
42,-0.2681919403
42,0.01955188394
42,-0.5256932182
42,-1.81045326
42,-0.3741260607
42,-0.533277886
42,2.454462057
42,0.1492287297
42,0.01290388247
42,-0.3808182647
42,-0.5113402059
42,0.08837888026
42,-0.8454477984
42,-0.5311759048
42,1.989340743
42,-1.875031231
42,0.5619457969
42,0.641449465
42,-0.5785805621
42,0.756996421
42,0.07442711825
42,1.44794684
42,1.788569898
42,0.5207876043
42,0.155506015
42,-1.38320037
42,2.280550775
42,-1.931795572
42,0.8147007255
42,1.048999465
42,-0.8376793941
42,0.2114124806
42,0.4015760212
42,-1.611449948
42,-0.5848459476
42,0.4895017357
42,0.8492978167
42,1.498188019
42,-0.8174164271
42,0.901833598
42,0.04763674166
42,0.7050346334
42,0.3704420854
42,0.1227398327
42,1.172999316
42,0.2277431011
42,0.6287086651
42,-0.3809424013
42,-1.861271816
42,-1.044315831
42,0.7102804724
42,1.177288147
42,-0.459891555
42,0.09077373582
42,-0.07402345725
42,1.267935917
42,-1.458115948
42,-0.1038878982
42,-1.390702635
42,-1.258748096
42,-1.280290812
42,-0.1894388233
42,-0.656324921
42,1.102894657
42,0.04925356228
42,-0.5044974485
42,0.2299023007
42,-0.3354914606
42,0.2297887388
42,0.6875023831
42,0.4902751284
42,-0.4028008232
42,0.4086348742
42,0.9195384947
42,1.15037293
42,0.2485592005
42,-0.9752814811
42,1.889544455
42,0.7445459855
42,-1.71583923
42,-1.057041788
42,1.048776124
42,0.3731585809
42,0.6729023681
42,-0.1243052662
42,0.2404391386
42,-1.673628444
42,0.2631919303
42,0.3981980445
42,1.135220155
42,0.742075768
42,1.885830009
42,0.03355752123
42,0.7197698446
42,1.444982395
42,-2.040210392
42,-0.4822195222
42,0.03734664265
42,2.760450627
42,0.268093207
42,0.02898310469
42,-0.0541488027
42,1.110104057
42,-0.926387585
42,-0.1451225772
42,-0.7904120667
42,-2.81589707
42,-0.638269651
42,-1.349909426
42,-0.8127597702
42,-1.213927644
42,1.163980307
42,-0.7892894381
42,1.099633768
42,-1.848542296
42,0.9601971106
42,-0.7781535846
42,-2.15419692
42,0.3334604186
42,-1.030226416
42,0.02593234122
42,0.482933281
42,-2.033976907
42,-1.288781324
42,-0.2954849304
42,1.508789592
42,-1.815274826
42,-2.070248188
42,0.3174775529
42,-0.6485275822
42,0.4913497478
42,-0.07322144583
42,0.6043301034
42,-0.1256999174
42,0.1984032071
42,-0.9084675653
42,-1.261367239
42,1.593587547
42,1.878585752
42,0.2474130626
42,0.574741761
42,-1.462031547
42,-0.5516541767
42,1.360197679
42,0.1088885989
42,-0.3266227447
42,0.8300738406
42,-1.456399721
42,1.600513021
42,-0.8212373714
42,0.1180897774
42,1.286127163
42,0.4170339148
42,-0.8882711118
42,-0.6632884926
42,-0.4079709756
42,0.6608026151
42,1.512267079
42,-0.1523313212
42,-0.8056263889
42,-2.149067898
42,0.1674881425
42,0.2950424434
42,-1.278128702
42,-1.770636415
42,-0.2336110517
42,-1.614976618
42,0.3399790288
42,0.1252237618
42,1.745880762
42,-0.1753289248
42,0.3764056961
42,0.7724988153
42,0.3440409833
42,0.3978823516
42,0.7715870176
42,-0.08228013149
42,-1.471357437
42,0.6371972702
42,-0.8604973841
42,0.09397768223
42,0.8380893041
42,0.4025645485
42,-0.07795941919
42,-0.6075440832
42,-0.874184982
42,0.2297430018
42,0.3921240046
42,0.5330585213
42,0.8047149097
42,-1.48909055
42,-0.3012192371
42,2.07405462
42,0.5639902216
42,-1.095294984
42,1.039554115
42,-0.5471412534
42,1.561976499
42,0.228925588
42,-0.3578682937
42,1.142911066
42,-0.02519991532
42,-0.3078539267
42,0.3977936048
42,0.7320668269
42,-1.039056052
42,1.246628478
42,-0.5429440537
42,-0.4169543632
42,-0.5684477101
42,-0.8870343509
42,0.1775056067
42,-0.3860666088
42,0.4676948609
42,0.8607185858
42,-0.380226863
42,-0.8953550853
42,-0.2118502593
42,0.6822237758
42,-0.1539577963
42,1.420774029
42,1.418714772
42,-0.5263796989
42,-0.859272438
42,0.4140402914
42,-0.1563582085
42,-1.045955874
42,-0.4374145072
42,0.02581257563
42,1.568126648
42,0.2098578219
42,-0.8227735436
42,-0.6597600129
42,-1.302518013
42,-0.7648221351
42,-0.4237819711
42,-0.949617196
42,-0.1840752671
42,0.2165047292
42,-0.06086685839
42,-0.4309174175
42,0.2046969445
42,0.1874975916
42,-0.9877316836
42,-0.5415828635
42,-0.924618706
42,-1.220180099
42,-0.3823318953
42,-0.01371874495
42,0.4450182647
42,0.5417193142
42,0.796637146
42,-0.3275665865
42,-0.4525299573
42,0.8956989305
42,-0.4538494479
42,0.1146372634
42,0.6619845792
42,-0.4395657216
42,-1.136582471
42,0.1671221259
42,-0.1443674787
42,0.02062336649
42,-0.9502140123
42,-0.2733221936
42,0.07482011029
42,-0.6309333146
42,2.83067613
42,1.057316107
42,0.08966123644
42,-2.292492824
42,0.1145100863
42,0.1437595332
42,-0.5350250874
42,-1.390004411
42,-1.976368446
42,-0.1621049252
42,-0.6303463037
42,-1.40353657
42,0.5014245391
42,1.934784719
42,0.6054893886
42,0.4167394592
42,-1.102107553
42,-0.2984354017
42,0.842348555
42,0.5505872164
42,0.4600248007
42,-0.3929169544
42,-0.2748839731
42,2.671106824
42,-0.5946315956
42,1.156070392
42,0.5986206952
42,0.7684273372
42,-0.06151244641
42,-0.1649410596
42,-0.3615970562
42,0.002356178072
42,-1.771203981
42,-0.6608423019
42,-0.4718726351
42,-1.261792032
42,-0.6090967911
42,-0.3474556589
42,0.4866893732
42,1.577386903
42,-0.05062311394
42,-1.232663656
42,-0.6964476887
42,0.004242225994
42,-1.073214201
42,-1.510199937
42,-1.61527379
42,-0.1567151351
42,-2.303223396
42,-1.339809607
42,-1.658043096
42,1.018008112
42,0.6968750796
42,0.1557567406
42,0.08655391636
42,-1.736893219
42,0.9709021756
42,-0.4393445257
42,0.04050814416
42,-1.917800419
42,0.2886755234
42,0.4417236682
42,-0.02061591023
42,-0.5567923597
42,-1.901253957
42,-0.9443924886
42,-1.322580936
42,-0.1151568165
42,-0.3677613488
42,-0.681286227
42,-0.779790404
42,-0.5450912479
42,1.157643483
42,0.2319375263
42,-0.9784894271
42,-0.05869734306
42,-1.025719308
42,-1.30616339
42,-1.031358985
42,0.669336576
42,-0.2436828384
42,0.5838005554
42,-1.131102324
42,-0.6167919358
42,-0.1474412558
42,0.4817187446
42,1.322455468
42,-1.04471776
42,-0.02007854884
42,1.195548433
42,0.1760125676
42,-0.9275731861
42,1.188367008
42,0.9678329307
42,-1.072041297
42,-2.365109684
42,0.7589299938
42,-1.898008532
42,-0.9078321359
42,-2.481229626
42,-0.2638236408
42,0.6953053066
42,1.493283008
42,2.187322876
42,1.033778609
42,-0.1176639903
42,-0.4102433069
42,-1.741581079
42,-0.4113286863
42,0.8095900838
42,0.2209493364
42,0.3313329999
42,-0.8968703332
42,0.4110855765
42,0.3225907455
42,0.3663181253
42,0.8276919945
42,-1.429502225
42,0.6873098411
42,-0.5842981268
42,0.1734275997
42,-0.4907862806
42,-1.090437611
42,-1.244210545
42,0.5586131103
42,0.2077949258
42,-0.9281733625
42,0.08168541333
42,-2.666782287
42,-0.2921361308
42,-1.131667486
42,-1.203646659
42,0.5922583219
42,-0.08376073461
42,-0.4713222911
42,0.4232399462
42,-0.1238659736
42,0.2441798683
42,2.138048695
42,0.2441018688
42,-1.020662857
42,-1.100801929
42,0.9503508627
42,0.3427452798
42,-1.031576993
42,0.3274885722
42,-0.6428043111
42,0.3927744589
42,-0.5067780599
42,-0.5188163448
42,-0.8274826894
42,-1.014832032
42,-0.3702513202
42,-0.2195235518
42,-1.166231962
42,-0.007534473919
42,-0.4771907417
42,0.9442065565
42,-0.5198463924
42,-0.1274309964
42,-1.081316348
42,-0.391291952
42,-0.6479860108
42,-1.145114915
42,-1.641642271
42,0.8274960745
42,-1.158381149
42,0.4537200709
42,-1.117596857
42,-0.2451106931
42,-0.434548995
42,0.9230481939
42,-0.6939148842
42,-0.7408288261
42,0.6323120748
42,0.7003426368
42,-0.1794399339
42,0.2655309972
42,-2.017301656
42,-0.4487326652
42,-2.367882591
42,1.166018196
42,-1.107354072
42,-0.0004957848663
42,-0.1889588318
42,-1.678752386
42,-0.2106216923
42,0.210619748
42,-2.542325346
42,0.1979057526
42,0.5755494033
42,-1.306758952
42,0.53937707
42,-0.539053763
42,0.566251281
42,0.9478278708
42,0.160638456
42,-0.8216812576
42,-0.7654452165
42,0.4158039025
42,0.2303731512
42,-0.2869404666
42,1.029976305
42,-0.09374738643
42,0.7376833636
42,1.026882879
42,-0.8226640976
42,0.7927847011
42,1.334670426
42,-0.1595396946
42,-1.35437292
42,0.6745771129
42,-1.239070813
42,1.586180154
42,-1.692912936
42,0.8442941289
42,0.8439786718
42,-0.2188001693
42,0.5264106265
42,-0.694749788
42,-0.08317318408
42,0.4288641003
42,0.3088575978
42,1.389447597
42,-1.001751205
42,-0.08743955203
42,-1.613365236
42,0.8426976919
42,-0.02404210602
42,1.354573776
42,-1.390412509
42,-0.5244560661
42,0.4459348409
42,-1.456073357
42,-0.4081714562
42,-0.8379982687
42,-0.9518635263
42,0.885456293
42,-0.02089962006
42,-0.3258090575
42,-0.6851572625
42,-0.456369863
42,-0.9409957694
42,-0.1269757782
42,-0.5959602172
42,-1.404686095
42,-0.9796292283
42,0.2127250584
42,-0.05519763427
42,1.274664325
42,0.2613796387
42,-1.009658131
42,-0.1304743369
42,-0.3306510674
42,-0.6755698904
42,1.152657516
42,-0.5615293019
42,0.2334907141
42,-0.2736739188
42,-0.4504322246
42,0.6236011141
42,0.04941476489
42,0.1399906993
42,-1.215004623
42,0.2328515765
42,-1.511303049
42,0.2134424585
42,-1.00601633
42,0.9614554168
42,-1.30870726
42,-0.7650213968
42,1.131329638
42,-0.2768779973
42,-1.308258325
42,0.6877723936
42,-0.7497110597
42,-2.072685084
42,0.1188370039
42,-0.959438152
42,0.2605267231
42,-0.4201641543
42,0.1110767049
42,0.3809495328
42,-0.2536566089
42,-0.721788524
42,0.3167251699
42,0.1260561669
42,0.01992836312
42,0.7123921582
42,-0.934951545
42,-0.9155051131
42,0.353183941
42,1.652830312
42,-1.802595171
42,-1.207901275
42,0.4614529763
42,-0.7712134963
42,-2.066487387
42,0.8139063232
42,0.3321412541
42,-0.156737341
42,0.7747346275
42,0.0390495003
42,0.5767723241
42,-0.6514370733
42,1.539035456
42,0.3253239151
42,0.209610789
42,0.3293668099
42,-1.04631587
42,1.131263168
42,-0.6470308294
42,1.550797137
42,-0.07439548756
42,-0.3829224098
42,-0.07357178817
42,0.879797527
42,-2.075675599
42,1.639968639
42,-0.271235247
42,1.315888489
42,0.4896564765
42,0.988224687
42,-0.2739727961
42,-0.4595969946
42,-0.2575298293
42,-1.178421348
42,2.55623537
42,0.9687553414
42,-0.8781323099
42,-0.3385554066
42,1.978162443
42,1.142876404
42,-0.4235942212
42,-1.228789761
42,-0.2224777325
42,-0.9183357421
42,0.3284669945
42,-0.9115603073
42,-0.2654151066
42,0.7402823046
42,0.4995225993
42,0.7207491284
42,-0.9147622451
42,1.074629518
42,-0.9011640374
42,-0.1218326276
42,-1.165651507
42,-0.9339795455
42,0.5334493917
42,1.768063425
42,1.402826175
42,0.07027909461
42,1.025127661
42,-0.237879998
42,-1.17705951
42,0.7853838611
42,-0.5438768957
42,1.056104175
42,-2.127182997
42,0.1776140021
42,-1.763402053
42,-0.5694735318
42,-0.2019459242
42,-0.1467573886
42,-1.450911623
42,-0.6162401046
42,0.2589497295
42,0.1977020979
42,0.0856238468
42,0.7851127124
42,-1.390479662
42,0.1196959978
42,1.07494388
42,0.6540282154
42,-1.360960363
42,-0.576365342
42,0.1399126621
42,-0.7039974171
42,-0.566863893
42,-0.3576842245
42,-0.05136375611
42,-0.1361501935
42,2.143557029
42,-2.135648455
42,-1.153195686
42,-0.002331667371
42,0.974320264
42,0.4912116253
42,-0.4528768501
42,1.368950815
42,-0.9481991866
42,-0.3938531121
42,-0.8749707543
42,0.4601147663
42,-2.093758787
42,-1.408513693
42,-1.430688189
42,0.7754395776
42,0.3555959378
42,0.6733718655
42,0.5344948073
42,-0.3510748743
42,0.2457074844
42,-0.2671127832
42,-0.463025371
42,0.5594004036
42,0.5403224351
42,0.6986554374
42,0.691595677
42,-0.4897902672
42,-0.1697949198
42,-0.3389780927
42,-0.03209563087
42,-0.2550616009
42,-1.585117952
42,0.7108053651
42,-1.588860314
42,-0.4613216987
42,-2.969514129
42,-1.336842803
42,-0.5263377683
42,-1.315312085
42,-0.6594643817
42,-1.520901723
42,-0.4483084805
42,-0.4816965198
42,-1.99808166
42,-0.4635413118
42,-1.192732633
42,0.3539426448
42,0.06070885878
42,1.972085046
42,1.035507592
42,-1.060992761
42,-1.047700757
42,0.4220901781
42,-0.2328158854
42,1.62812394
42,0.06170893884
42,0.7846844896
42,1.24166899
42,-1.008499649
42,-0.7589827554
42,-0.277998037
42,-0.6945694372
42,2.498564623
42,-0.1608260392
42,0.2085216497
42,-0.1411426754
42,0.1616217283
42,-1.218085733
42,0.3055029312
42,0.7245839058
42,0.7371931099
42,1.159125984
42,1.449213673
42,0.7439276503
42,-0.8459569606
42,-0.1507769297
42,-0.3332389735
42,0.3740877802
42,-0.5820952347
42,0.7081367012
42,-0.7762067625
42,1.005768822
42,-1.068895822
42,1.063518005
42,0.5279959922
42,0.094343511
42,-0.12371489
42,-0.2023504271
42,-1.174779831
42,-0.5203537359
42,-0.5475576678
42,-0.7674535682
42,0.4806941979
42,0.6962574414
42,0.3025307188
42,-0.7930554941
42,0.8770060465
42,1.479118214
42,-1.139856817
42,0.6961274673
42,0.6207047263
42,0.7230681488
42,-1.18057573
42,-0.7906321642
42,1.416446643
42,0.336761585
42,-0.8084474542
42,-2.04534338
42,-1.074781021
42,-0.3653732679
42,0.6243680863
42,-0.9925886371
42,1.382287744
42,0.06565165581
42,0.9135314642
42,-0.7112114689
42,0.3903001596
42,0.4012639997
42,1.198068135
42,-1.932864266
42,-0.9687538758
42,-0.3443805808
42,0.5872983103
42,-0.3909817281
42,-0.1666909565
42,-0.4275314843
42,0.9220352586
42,0.1801446428
42,1.225452932
42,-0.1375813351
42,-1.441311657
42,0.3081227777
42,0.6974907143
42,0.3337354703
42,0.9844651348
42,1.084060987
42,-0.6017884061
42,-0.2002631752
42,-1.399309055
42,-0.7303902572
42,0.1175597701
42,-2.324414846
42,-0.6579902161
42,0.8376025522
42,-0.1642565515
42,0.5084066469
42,-0.6644979399
42,-2.514421085
42,-0.3220548562
42,1.161277456
42,-0.9503060983
42,-1.076179133
42,-0.0008231214594
42,0.04272946429
42,1.438361025
42,0.1793914654
42,-2.081325438
42,-0.4137190854
42,0.5610592895
42,-0.207873796
42,1.148067108
42,-0.6595222223
42,-0.3604968562
42,1.987859869
42,0.2063032271
42,-1.562948464
42,0.2201635514
42,-0.08896031417
42,-0.2640557852
42,-0.2220867801
42,-0.8279330968
42,-0.1679838423
42,0.001630634023
42,0.7191978484
42,-0.5597278234
42,1.695431504
42,0.09340247454
42,-0.6346539553
42,0.5225732861
42,0.1164995114
42,-0.9302719887
42,1.341763722
42,1.482413733
42,-1.316212358
42,2.207005232
42,0.3660778868
42,0.5404303909
42,0.466347018
42,-0.0922843948
42,0.7629101812
42,-1.539818458
42,-0.0689363634
42,-0.08943174137
42,-0.9633455866
42,-0.4456951368
42,0.04874013609
42,-1.83333175
42,0.8051518028
42,1.015953129
42,0.274383856
42,0.2863229727
42,0.2971466005
42,0.9129013826
42,0.9128900902
42,0.3490187684
42,2.412258157
42,-1.103341707
42,-1.105794605
42,1.764824565
42,1.020112246
42,2.286800676
42,0.03119942459
42,-0.3627372249
42,-2.086135362
42,0.4654570053
42,-3.194429523
42,-0.4017648083
42,0.1122957959
42,0.7635688302
42,1.167573136
42,0.9081782647
42,0.6601465628
42,1.595214421
42,-0.00823879532
42,-0.2181973663
42,1.040134305
42,0.8850514249
42,0.08708129621
42,-0.636597133
42,0.6943012673
42,-0.25072585
42,0.3270397494
42,-0.4733535104
42,-0.5823495022
42,0.6391214151
42,0.8149222784
42,-0.2290472001
42,-1.632085989
42,1.042379813
42,-0.08200627511
42,-1.378127572
42,0.8446608898
42,-0.1132270159
42,-0.4166922281
42,-0.3030121425
42,0.4778408504
42,-1.513714783
42,-0.1803518202
42,0.1231236685
42,-1.097641521
42,0.5955192694
42,-0.1653917624
42,-1.281774338
42,0.9660106583
42,-0.6274311443
42,0.5792247654
42,-0.4469893397
42,-0.2281397841
42,0.257621619
42,-2.16585285
42,0.0182548202
42,1.008724047
42,-1.704186003
42,0.05756893094
42,0.3277789658
42,-0.4253211371
42,-0.8142397712
42,0.5466450601
42,0.1197535342
42,0.2321175256
42,0.4148756725
42,-0.03569305763
42,-0.09047144645
42,0.4069755019
42,0.4618318347
42,0.7033010096
42,0.118575185
42,0.539179545
42,1.552996135
42,0.3734241614
42,1.136121076
42,0.1394874237
42,-1.989321319
42,-2.947721583
42,-1.50332013
42,0.4692929147
42,2.465821661
42,-1.600590457
42,0.4195035588
42,0.04671902697
42,-0.1889671246
42,2.048616389
42,-0.3400339145
42,-0.9028388813
42,-0.380490361
42,-1.564112189
42,-1.217128224
42,1.041044061
42,-0.0780793675
42,-0.5740451335
42,1.711875613
42,-0.948739042
42,-0.3821846249
42,-2.121886884
42,0.5295922188
42,2.439179279
42,-0.418923063
42,-0.2552064095
42,-1.562360321
42,0.9958968806
42,0.5854760109
42,-0.2589919357
42,0.624370056
42,-0.07790099507
42,0.05612267382
42,-1.44861386
42,-1.141676859
42,-0.6332256329
42,-1.266156963
42,1.685858102
42,0.03359095483
42,0.8857769515
42,0.03253088695
42,-0.4079781685
42,0.3751061939
42,-0.05809068841
42,-0.993345811
42,-2.027497302
42,0.3326701586
42,1.14573112
42,0.0346966647
42,1.209153774
42,0.2303987608
42,-0.1353926422
42,-1.108646219
42,-1.043304673
42,0.1112442852
42,-2.046055349
42,1.110593067
42,0.7263161293
42,-0.5828545801
42,-0.1311551657
42,-0.1880521507
42,0.3352142732
42,0.9756385163
42,-1.610949087
42,0.7982006914
42,-0.308707461
42,0.1442300212
42,-1.420794162
42,0.3457542284
42,-0.8894344888
42,0.9112884945
42,-1.182230345
42,1.249510827
42,1.204959901
42,1.200562625
42,-1.048423916
42,0.7085792758
42,0.02184780416
42,0.5025681971
42,0.870110315
42,0.1444252906
42,0.4715280966
42,-0.6812710182
42,-1.370631157
42,0.5532375759
42,-1.627548243
42,1.356408724
42,-1.337826542
42,0.3305440851
42,-0.247759406
42,0.4278713927
42,-1.489766599
42,0.03708450391
42,0.7787442584
42,-0.06273782577
42,0.2265089679
42,-2.148919209
42,0.1818342437
42,0.2277680595
42,0.4513455779
42,-0.4481686546
42,0.7978675651
42,-1.969734256
42,0.876482001
42,1.455076763
42,-0.05510254179
42,0.6330026265
42,-0.7530308799
42,1.714975176
42,0.06293124191
42,-0.997762241
42,0.5591131782
42,-0.2277848775
42,1.267474938
42,0.7957088499
42,0.3443492194
42,0.6200948198
42,1.762200373
42,0.125018826
42,0.1295782578
42,0.7355717203
42,0.3098639773
42,-1.912114074
42,-1.429360518
42,0.006809267961
42,0.2953589714
42,1.199024545
42,0.2280594761
42,1.715247555
42,0.2813972582
42,-0.8184300322
42,-0.1534551094
42,0.3322949357
42,-0.279800675
42,-0.8923331639
42,1.609462463
42,-0.4244314693
42,-2.068790431
42,0.7123370591
42,-0.5036331831
42,-0.3987075581
42,-1.52093043
42,-0.3163650572
42,-0.9781496956
42,-3.121859689
42,-1.680951955
42,0.1084507287
42,0.8736278644
42,-0.6477747514
42,0.5249066564
42,0.5370624077
42,1.230350416
42,1.568329604
42,-0.5480017857
42,-0.95444735
42,-0.5750128693
42,1.061597509
42,0.438932372
42,-0.214268864
42,-0.5656637925
42,0.9136969784
42,-1.805578735
42,-0.2047416435
42,-1.649556837
42,1.132076045
42,1.45568348
42,0.2199957366
42,0.2533568373
42,-0.208275204
42,0.9642466463
42,0.1717703054
42,-0.7203239569
42,0.8831204069
42,-0.2406774093
42,-0.04682555121
42,-0.3119356342
42,-0.1363803207
42,1.215459292
42,1.806786312
42,0.5698217756
42,0.02454037377
42,-0.02878386143
42,1.426638207
42,1.317818059
42,-0.1301377674
42,-0.8764978668
42,0.8947593941
42,-1.147643699
42,0.5136902498
42,-0.06790959656
42,-1.102639281
42,0.09838469174
42,1.195760697
42,0.2371800546
42,1.069427242
42,1.076730336
42,-0.2746414662
42,0.7141783299
42,0.4738878364
42,0.4378516256
42,1.376415894
42,1.017460577
42,-2.928441933
42,-0.7317408602
42,-1.184119723
42,-0.009494444822
42,-1.335072994
42,0.1591651261
42,0.3592606086
42,0.7773098975
42,-0.3060933791
42,-0.4764339978
42,-1.156139134
42,1.826282408
42,1.882848289
42,-1.267078463
42,-0.4228585939
42,-1.001898033
42,-0.4360455476
42,0.4781142502
42,-0.258464617
42,-1.263052038
42,1.157249456
42,1.111383874
42,-0.987864506
42,-1.076649873
42,0.8710719631
42,0.1540684533
42,0.2858403647
42,1.055212563
42,-0.7791810812
42,0.1210992869
42,0.005010944616
42,1.59885998
42,-0.9513298665
42,-0.01656244597
42,0.4149109404
42,1.831529522
42,0.6843947538
42,-0.3199102945
42,2.375078928
42,-1.098168911
42,-0.6915426535
42,1.405491869
42,-0.4789970822
42,1.376992206
42,-0.3375186293
42,-2.192990434
42,0.01412367126
42,0.3973983526
42,0.07799805419
42,-0.223256381
42,-0.5310449545
42,-0.8151387397
42,0.8624606343
42,-1.928192023
42,-0.3005608515
42,2.218675388
42,-0.716942561
42,-0.2098583361
42,-1.464903501
42,-1.682557146
42,-0.6855388509
42,-1.338485073
42,-0.03105896366
42,1.184161911
42,1.997500136
42,0.5235281571
42,-1.219920609
42,-1.474241215
42,1.362464837
42,1.29033721
42,0.3350800214
42,0.2768620479
42,-0.3953773398
42,-1.018348578
42,-0.9238585389
42,0.1992564119
42,0.359221806
42,1.466142205
42,1.669936212
42,1.232902766
42,-0.116160091
42,-0.521187499
42,-0.01214728425
42,-0.4626684889
42,-0.4470430398
42,1.793436464
42,1.16150276
42,0.4458413805
42,0.1054299917
42,-0.02606883604
42,1.535421378
42,1.30208379
42,2.061690861
42,0.5926324641
42,-1.915823633
42,0.4126869862
42,-1.794216063
42,-0.1899144463
42,-1.183326874
42,-1.427699488
42,0.5055115134
42,1.734053155
42,0.9361944503
42,0.2196048023
42,-1.837407595
42,-0.9249205507
42,0.3525472209
42,0.3364873399
42,-0.1675857486
42,2.730741624
42,-0.2811053114
42,-0.1428326299
42,-0.2794203046
42,0.9109691856
42,0.5831780077
42,1.514305585
42,-0.9337805903
42,-0.0971164797
42,0.3576726925
42,0.5050577621
42,1.949113123
42,-0.7322143049
42,0.7030419423
42,1.033763123
42,1.099682731
42,1.386297368
42,1.799473617
42,-2.245059857
42,0.1690693073
42,-0.8319558708
42,-0.2298922141
42,0.3247973857
42,-0.2396773916
42,1.652001121
42,-1.831456678
42,0.8441973007
42,-0.043709279
42,-1.322570257
42,-0.351659841
42,-0.2491859276
42,0.776543324
42,-0.7358638192
42,-1.709586905
42,0.009198887318
42,0.1048767417
42,-0.3490879561
42,-2.328406403
42,-0.361774163
42,0.5366209454
42,-1.994270387
42,0.9148669063
42,-2.248942414
42,1.115025776
42,-0.8654887115
42,-0.371279453
42,-0.09624588268
42,1.447897581
42,0.2189898473
42,0.5842819728
42,-0.6460470376
42,1.751072257
42,1.641880542
42,-0.2692548756
42,0.9934327675
42,1.42160629
42,1.511738433
42,-0.3212612956
42,0.595686575
42,-0.2922064168
42,-0.6262616547
42,-0.09049692677
42,-0.1754927447
42,0.381407343
42,0.3102626856
42,-0.8117173177
42,-0.9619969345
42,0.2804761292
42,0.5455800224
42,0.9657101677
42,0.3601215303
42,0.9753701538
42,-0.4567380647
42,-0.1319978738
42,-0.02115016615
42,1.080476958
42,-0.6071155503
42,-0.3839018765
42,2.197127909
42,-0.2340473551
42,-0.06135986951
42,0.6867840118
42,-0.3853727381
42,0.1885849689
42,0.376380028
42,0.01853022977
42,0.1503338622
42,-1.404366204
42,0.2090355296
42,-1.170575092
42,0.7422386078
42,0.5844849434
42,1.083056113
42,0.4653138811
42,-0.05116825027
42,1.261844513
42,0.4126957643
42,0.6420451086
42,-0.07895355117
42,-0.1300273652
42,-1.551415844
42,0.4803049591
42,-2.684446998
42,0.5948043241
42,0.2191878882
42,0.4747463066
42,1.541984314
42,0.3980985755
42,0.4269935348
42,-0.08480294297
42,-0.1957011679
42,-1.613016421
42,0.1883964552
42,0.8454708638
42,1.837018045
42,0.5189618318
42,-0.1341398682
42,0.2337439432
42,0.2038742336
42,1.108621637
42,-0.1981247987
42,-0.2668253083
42,0.5276737387
42,1.090801331
42,0.6155475495
42,0.8120439398
42,-0.04927810778
42,-0.2509755595
42,1.72353429
42,-0.002092369653
42,0.02172759337
42,0.06113857527
42,0.3775945806
42,0.257117623
42,-0.2458289262
42,0.3610537067
42,-0.273021004
42,-0.745110264
42,0.1630666033
42,0.6703091384
42,0.03752474319
42,0.6723293778
42,0.787341966
42,-0.09755638147
42,0.1937344973
42,-0.8523266526
42,1.01280277
42,-0.3093101043
42,0.1019969447
42,0.263329325
42,-0.8701501736
42,0.9328864794
42,0.6062935068
42,-0.459510547
42,0.08600482873
42,-0.9027667084
42,-0.5961429172
42,-0.02519137781
42,-1.165930395
42,2.581174633
42,0.5479706206
42,0.1302062103
42,-0.9363151201
42,-1.257189819
42,-0.2355293098
42,1.219175885
42,-0.859651139
42,-1.323469114
42,0.214277636
42,-2.083980248
42,-0.1447489352
42,-0.8106414362
42,1.790056248
42,0.6921663882
42,1.489241107
42,0.04110880155
42,0.2910839807
42,1.304724219
42,0.06042115377
42,-1.887495321
42,-1.919573541
42,-0.2931593026
42,-1.260249807
42,0.1361933148
42,-0.05320168685
42,0.6783904568
42,0.05786425141
42,-2.291915021
42,-0.4163191019
42,0.5603740273
42,0.2203408902
42,0.6222832705
42,0.1139553676
42,0.6301179778
42,0.05754143423
42,-0.4521834375
42,1.050703209
42,0.6697956725
42,-0.4936941256
42,-0.0844938303
42,1.41419302
42,0.1533118009
42,0.4089564412
42,-0.2652837833
42,-1.029881313
42,3.770763698
42,0.9803826919
42,-0.01911807764
42,0.9334818139
42,0.2749231605
42,-0.4684072615
42,1.156241669
42,0.3008100224
42,0.7767440715
42,0.4437891042
42,0.6707182951
42,-1.540445626
42,-0.8645092231
42,-0.985931644
42,0.8318611883
42,0.704003326
42,1.07187724
42,-1.383091188
42,1.408940776
42,1.30078724
42,-0.9541667976
42,-1.314402202
42,-0.7889734462
42,-1.609132005
42,-0.4897747536
42,0.4535651287
42,0.5023911129
42,-0.02644559519
42,-0.5743149302
42,-0.01806844769
42,0.2696071286
42,1.893464403
42,0.749153805
42,-1.333879371
42,-0.4044019974
42,-1.290428927
42,-1.537922092
42,-0.9995096982
42,-0.003686564708
42,0.6219683497
42,1.204237398
42,-0.584846209
42,-0.2925815044
42,-0.6623033243
42,-0.3003526421
42,-0.362907235
42,-0.958012542
42,-0.1221652228
42,-0.3251894318
42,-0.457006535
42,0.4638261182
42,0.9122030263
42,-0.8460233479
42,1.245641851
42,0.5610587342
42,0.2814528117
42,-0.818282366
42,-1.444416672
42,-0.5902120529
42,-1.349054133
42,0.368314014
42,-0.4075128226
42,-2.245294889
42,0.2688147182
42,-1.443148878
42,-0.241723306
42,0.694930686
42,1.033785861
42,0.2155413085
42,0.2082317582
42,-0.277334519
42,-0.0081776972
42,-0.8117713624
42,0.1506662845
42,1.204721975
42,-0.9710980155
42,2.167676602
42,0.2539398057
42,1.898650687
42,-0.9513378268
42,-0.5797819956
42,1.471564978
42,0.6979006602
42,-0.7230494019
42,0.379580108
42,-0.7692158955
42,0.7546661396
42,-1.255796074
42,-2.623501884
42,-0.7707949172
42,0.2743046006
42,-2.718143125
42,-0.8425496914
42,-0.9468382009
42,0.3923986102
42,1.148319407
42,1.023863542
42,0.4343408301
42,0.3529689549
42,-0.7289817507
42,-0.003408093757
42,-0.7370383366
42,1.575721827
42,0.6904278088
42,-0.8290510939
42,0.9118264806
42,-2.022553128
42,1.162238804
42,-0.2309334443
42,0.8629734479
42,1.37995805
42,-0.6173240842
42,0.272143102
42,0.2819470156
42,0.1895979677
42,-0.2188134406
42,0.7315489069
42,-0.7580490078
42,-0.797635986
42,0.2739279385
42,0.7263345453
42,0.9804482202
42,-0.4938177837
42,-0.4086409854
42,0.5001917102
42,-0.08731013224
42,-1.46437552
42,1.580996795
42,2.168764448
42,0.5644028763
42,1.507285481
42,-0.4826696145
42,-0.3773109553
42,-1.299339397
42,1.35188294
42,-1.586696701
42,-0.05641924206
42,0.4358157561
42,0.9879979475
42,-0.1347845775
42,-0.02040460705
42,-1.147665326
42,0.513270862
42,-0.5177985693
42,1.284396366
42,0.8210646201
42,0.1970041044
42,0.8210655786
42,-1.356431799
42,1.023979665
42,1.435221396
42,-1.535466855
42,0.1169743479
42,1.093317835
42,-0.2708383761
42,-0.3495455034
42,-0.5429868291
42,-0.4729465257
42,-1.799288154
42,0.3299676985
42,1.096414348
42,0.5024672661
42,0.7194043672
42,0.5568733535
42,1.103839226
42,0.6956040617
42,0.7627048092
42,-0.6324771933
42,0.3776006474
42,-0.2614405982
42,0.3420340681
42,0.0705926568
42,-1.203252893
42,0.7314890957
42,0.1204214536
42,0.370031148
42,-0.548430945
42,0.5912598568
42,0.2164799579
42,0.6723202705
42,-0.5397274239
42,-0.1932837688
42,0.8470779717
42,0.8780579365
42,0.4799382631
42,0.3097169998
42,0.2129459613
42,-1.3615078
42,-1.899588297
42,0.409693715
42,0.6486712582
42,-0.2995548332
42,2.1775682
42,-0.9896404159
42,-0.3198227614
42,-0.3493298132
42,0.788978818
42,-0.6621320603
42,-1.082530776
42,-1.406799945
42,0.3252714461
42,0.1024431407
42,0.8623103135
42,0.728109819
42,0.2425673435
42,0.8613983531
42,0.0403001234
42,1.306664626
42,2.447515108
42,-2.820079008
42,0.6597902405
42,-0.42515028
42,-0.4812497593
42,-0.8833969502
42,0.0002270176472
42,-0.192495995
42,1.189688922
42,-1.2214059
42,-0.009829861494
42,0.1201892793
42,-0.3577801187
42,1.082928583
42,-0.5910490521
42,0.3180319495
42,0.7835948783
42,1.779818476
42,1.177816632
42,0.8818086911
42,0.6027881366
42,-0.5457555713
42,-0.2170667572
42,-1.075976849
42,-0.4361048807
42,-0.1603502653
42,1.057091533
42,0.01248874146
42,-0.04244049209
42,-0.4053177403
42,0.02743461948
42,1.315788375
42,-0.6212200649
42,-0.47030757
42,0.5916440069
42,-0.4719104186
42,-1.047849511
42,1.208562417
42,1.564661502
42,-0.4803063284
42,1.088539056
42,-0.4263397466
42,-0.1226808032
42,-0.6530287295
42,-0.9089220897
42,-1.018584647
42,-1.337950451
42,1.045430598
42,-0.3561259612
42,-0.8136447766
42,-1.406437802
42,-1.081125595
42,-0.5800023163
42,0.4206736216
42,0.1274424292
42,0.4456306138
42,-0.560751552
42,1.369196457
42,0.6502018482
42,-1.371488528
42,1.026923766
42,1.117264479
42,-1.143442343
42,1.181189002
42,0.5800946113
42,0.6035496538
42,-0.6982042283
42,-1.043097377
42,-0.6104607009
42,-1.000388312
42,1.659953172
42,-0.2999616468
42,1.786123742
42,-1.835378677
42,-0.4754553682
42,-0.08131671795
42,2.064453906
42,0.3054281455
42,0.8720907553
42,-0.715176949
42,0.2849689596
42,0.7981248449
42,-0.1624875159
42,0.5711319843
42,0.298103338
42,-0.3874222378
42,0.3690003916
42,-1.94976428
42,1.281468726
42,0.8674710458
42,-0.7165387728
42,1.130279526
42,-0.8365562998
42,1.803621605
42,0.2953804611
42,1.681167403
42,-1.107187399
42,0.06025895457
42,-0.7252404941
42,-0.3981046549
42,0.6698162322
42,-0.2304813919
42,0.598024294
42,0.8786257774
42,1.084576547
42,0.2407975543
42,1.051712452
42,0.7021864255
42,-0.4332467828
42,0.4513333053
42,-0.5747656387
42,0.1065854294
42,0.9739837537
42,-0.866490119
42,-1.264028861
42,-1.21765224
42,0.3405611204
42,0.04278631905
42,1.450912833
42,-1.176620487
42,-0.6492512714
42,0.5493328171
42,0.7854493597
42,-1.223234458
42,0.8693142046
42,1.544284574
42,-0.1557460303
42,-0.09567117172
42,1.842263789
42,-0.2015716868
42,-0.006853235805
42,1.975701871
42,-0.3185511083
42,1.44602083
42,1.678524528
42,-0.289659949
42,-0.7556961743
42,2.401115756
42,-0.2279709652
42,0.3587538546
42,1.236380821
42,-0.6316395832
42,-1.394922636
42,0.2817525009
42,0.8148559819
42,-2.003012584
42,2.408798518
42,1.190266972
42,1.525657768
42,-0.6483273565
42,1.184279304
42,-0.9381615598
42,0.452282363
42,-0.102662706
42,-0.8164159276
42,-0.01958275941
42,-0.7251005781
42,-0.3803656364
42,0.04460305463
42,-1.216902601
42,1.078394211
42,1.399681613
42,-0.5269475654
42,-0.05770143608
42,0.3683282461
42,-0.5818342353
42,-0.8827141695
42,-1.18142615
42,0.8641083251
42,-1.861256669
42,-0.5326268446
42,1.976805893
42,0.6332076716
42,0.002524665456
42,-0.8287559701
42,1.549466957
42,-0.2493192625
42,-1.408639065
42,-0.383464426
42,-0.6942458145
42,1.018635333
42,1.882002282
42,0.3729845127
42,0.2266538704
42,-0.6944060501
42,-0.207571949
42,-1.610708379
42,-0.9375703941
42,-0.6465066332
42,-0.1839967185
42,-1.175080921
42,-3.039362484
42,-0.8550128607
42,0.8580987006
42,-0.8560103968
42,0.3249971923
42,1.830082586
42,-0.6732220599
42,0.5112081669
42,-0.907310792
42,-0.7048893653
42,0.06645831329
42,-0.4781535527
42,0.4473187473
42,0.2440421472
42,1.032911541
42,0.476768691
42,-0.1252601936
42,-0.2780095026
42,-0.05409982123
42,0.9858380334
42,-0.9387367263
42,-0.7232420996
42,0.3016151049
42,-1.290902749
42,-0.9357832067
42,0.3493310622
42,0.606842819
42,2.127513666
42,1.209387061
42,-0.5836261098
42,-0.714071964
42,1.6704146
42,-1.925638903
42,-1.047090925
42,-0.5623195323
42,-1.464546601
42,-0.7307187143
42,0.9431593784
42,-1.119927096
42,1.293770985
42,-0.4210540331
42,-0.1580785654
42,-0.3523611758
42,-2.048868702
42,-1.396283253
42,-0.2551355169
42,-1.003644892
42,0.03628729694
42,-0.3670750599
42,0.3120302562
42,-0.3427954129
42,0.3472453621
42,0.6649360748
42,-0.5022470685
42,0.2479807503
42,-1.071551108
42,1.848427763
42,-1.226397425
42,0.3233149543
42,-0.1835715922
42,0.3897538224
42,-1.72243053
42,2.044260533
42,0.217105377
42,0.5698103789
42,0.2456267322
42,0.5378023989
42,0.1800607231
42,-0.02590043178
42,-0.3532533049
42,2.324283927
42,-0.7671123498
42,0.5940681806
42,0.8851634704
42,-0.6444493904
42,-1.887522665
42,0.7246140176
42,-0.8714887698
42,0.9219570262
42,-0.6809378773
42,-0.418378683
42,-0.5042794787
42,-0.4562922881
42,1.161601285
42,-0.3975259575
42,0.5790397205
42,-0.4643481108
42,-0.8686680823
42,-0.2903224377
42,-0.2560237272
42,-0.03340725984
42,-1.41494675
42,0.7182041105
42,0.9722686048
42,0.2947006517
42,-0.6418576702
42,-1.034776238
42,0.07881119169
42,-0.4756571988
42,0.8188584285
42,-0.3924612976
42,-1.1841363
42,2.73827586
42,-0.7746235243
42,-1.369231835
42,-0.01839243494
42,0.3303266471
42,-0.6817381185
42,0.464907421
42,0.9913188753
42,-2.164018419
42,-0.5519036789
42,-0.5159757719
42,0.0171042477
42,1.804643245
42,-0.05370546421
42,-0.6712152335
42,0.7224661957
42,2.267652545
42,-0.66770744
42,1.002892727
42,-1.343784468
42,-0.1379336395
42,0.6441962598
42,0.8840742587
42,-0.1956859556
42,0.2115349785
42,-0.3057027949
42,0.4226287661
42,-0.4781644008
42,-0.9111191691
42,0.151358738
42,0.3572145467
42,1.710641887
42,0.1093325629
42,-0.8448852815
42,0.04169140495
42,1.320733876
42,0.104188918
42,-1.040724556
42,-0.364194562
42,1.714624066
42,-0.5203598477
42,-2.386667314
42,-0.4478747168
42,1.74834763
42,2.225521123
42,1.5346089
42,-0.8895849046
42,0.1576782639
42,-0.07353673392
42,1.389414426
42,-0.273631457
42,-0.7792772344
42,-0.7709937841
42,-0.07632200116
42,-1.709832175
42,1.1944962
42,0.7679818288
42,0.3564872127
42,1.891199691
42,-0.0869291797
42,1.005981219
42,-0.08930903971
42,0.3947715339
42,1.335970514
42,-0.2205141532
42,0.4332697324
42,1.924514532
42,0.5642489661
42,-0.6596685345
42,1.150336526
42,-1.624140299
42,-0.8635622713
42,1.220822255
42,0.7270133552
42,1.513381195
42,-1.221298756
42,0.5818179757
42,-0.6234846937
42,-0.4030748129
42,0.2427034126
42,-0.2881235823
42,-0.385158062
42,-0.6796397478
42,0.9640740201
42,-0.6790968226
42,-0.4846251153
42,-0.1213148202
42,0.1749968424
42,-0.2514793996
42,-0.5966536569
42,-0.749136925
42,-1.171362507
42,0.4881975005
42,0.5527818059
42,0.8007765933
42,-1.259041617
42,0.4434734032
42,1.087214456
42,0.8174341524
42,1.138406038
42,-0.5009535017
42,0.6149314622
42,-0.6827889769
42,1.920567094
42,0.1684723093
42,1.306239422
42,0.5168234295
42,2.443068584
42,-0.8237749038
42,-0.00994969825
42,1.735380222
42,-0.1127414967
42,-1.067986455
42,0.1553570485
42,-1.564051379
42,-0.6908051
42,-1.30294611
42,0.5063549762
42,-0.353863609
42,2.158256608
42,-0.5055158877
42,0.9887669842
42,-1.44862923
42,-1.350360815
42,-0.4060996079
42,-1.650945012
42,-0.4132048672
42,-0.006009710199
42,-0.3763056585
42,-0.4200048772
42,1.824296887
42,-1.664564825
42,-0.08570605476
42,2.470258625
42,0.3901170499
42,-0.3548863293
42,2.025364627
42,0.02923611166
42,0.5310618922
42,-0.1672170762
42,-0.0133768545
42,-0.1762377805
42,-0.4688216918
42,-1.533293385
42,-1.106120145
42,0.952571757
42,0.9823480108
42,0.385912893
42,-0.226369512
42,0.1670080617
42,-0.565506765
42,0.06891802504
42,0.09235500411
42,-2.137206732
42,-1.152080908
42,0.5796727333
42,-0.1748555935
42,-0.01913919232
42,0.4165263719
42,0.04940329355
42,-1.182555979
42,0.7944493987
42,-0.8138276398
42,-1.307416556
42,-0.9887559366
42,0.2540696973
42,-1.787878535
42,-0.1080040929
42,-1.061814801
42,0.3823148942
42,-0.6663877926
42,0.74936884
42,1.073291789
42,0.3797937732
42,-0.2756733753
42,1.229680852
42,-0.8063503704
42,-0.8600520863
42,-0.1750657506
42,0.8364571597
42,1.36243916
42,-0.2671937801
42,1.459469764
42,-1.138553459
42,-0.0737345103
42,0.1504674708
42,-1.167561312
42,0.6885450898
42,-1.014049476
42,0.4842481438
42,0.7514016321
42,-1.76466893
42,-1.183056271
42,0.2616435635
42,-1.343020757
42,0.1800824945
42,1.844698905
42,0.6057552334
42,0.08306844629
42,0.3277994548
42,-0.9382890778
42,-2.357496885
42,0.001490868093
42,-1.111005258
42,0.6853633772
42,1.248052371
42,1.108590324
42,-1.660795275
42,-0.4122573928
42,0.6952240927
42,1.031275598
42,0.3131459056
42,0.7217234243
42,-1.176479722
42,-0.5895207884
42,-1.087947639
42,-1.118839758
42,-1.198864318
42,0.4726847659
42,-0.8971553038
42,0.6305122909
42,0.2392273788
42,-0.485254192
42,0.5404399589
42,-0.7727866811
42,0.4037970094
42,1.313430564
42,-0.8852897745
42,0.6582631857
42,-1.856723112
42,-0.6444678623
42,0.2468147531
42,-0.4155096874
42,1.759768711
42,0.3051659115
42,-0.04365451325
42,-0.3415965213
42,-0.7040823987
42,0.8586343196
42,-0.1481274611
42,-0.4170714895
42,0.8646923733
42,-0.6810274497
42,-0.7997199726
42,-0.5074275026
42,0.8318294084
42,-2.069196827
42,1.047176785
42,1.605699938
42,-0.2139944678
42,0.01226284332
42,0.01110514396
42,-0.8092098351
42,-1.116153705
42,0.1005770973
42,-0.5664671451
42,0.1778377496
42,-0.4089435905
42,1.222178708
42,-0.8749675175
42,1.200206403
42,-0.4093320432
42,0.1128914525
42,-1.267158676
42,-0.2532315911
42,0.6165744049
42,0.07939392439
42,-0.0865082774
42,-0.6747758007
42,-0.6577070791
42,-0.8160444604
42,-0.2795700356
42,0.4232848523
42,1.145971987
42,1.31667161
42,1.479709164
42,-0.01497180029
42,0.2265066046
42,0.3272767368
42,-0.1528010251
42,-1.888026057
42,-0.5288624979
42,-0.5777304835
42,-1.248990977
42,0.2936259357
42,0.001383762176
42,-1.248025682
42,-1.921995854
42,0.02990559662
42,-0.3954513621
42,0.7078478069
42,0.9680763824
42,0.1307001736
42,-0.6357435951
42,1.51328111
42,-1.064451216
42,0.3284484892
42,-0.08767666568
42,-0.9882414701
42,-1.067216887
42,-0.8028045509
42,0.2994570444
42,1.356625422
42,-0.808110551
42,-0.4739773787
42,-1.669249267
42,-0.5103812518
42,-1.66592392
42,-0.1285039193
42,-2.079216218
42,1.923459141
42,-0.6494339635
42,-2.771138733
42,-0.4681906844
42,-0.9733657188
42,-0.4792522985
42,-0.09757553482
42,1.260462707
42,0.3909232907
42,-0.5746556279
42,1.450915625
42,-1.258556563
42,0.2704920248
42,1.806551016
42,0.5326127121
42,-0.5280484129
42,-1.397663347
42,-1.937210926
42,-0.1299296595
42,0.1843474249
42,1.405100693
42,0.72169988
42,0.08228534381
42,-1.644289162
42,1.197738124
42,-0.5628696636
42,0.02703389504
42,0.3022314411
42,1.503843293
42,-0.1070646705
42,-0.4454481434
42,0.2582189825
42,-1.003927301
42,-0.4939878468
42,0.4477633019
42,-0.3034173153
42,0.3152537739
42,0.3044629046
42,1.079173307
42,-2.353570535
42,-1.063498131
42,0.4600884996
