Sample,TruthPopulation,Count,Denominator,Percent
Control_01,class:gran,2103,12000,17.525
Control_01,class:lymph,7261,12000,60.50833333
Control_01,class:mono,1409,12000,11.74166667
Control_01,class:debris,1227,12000,10.225
Control_01,doublet,719,12000,5.991666667
Control_01,dead,473,12000,3.941666667
Control_01,cd3pos,5381,12000,44.84166667
Control_01,t_state:none,6619,12000,55.15833333
Control_01,t_state:CD4,2937,12000,24.475
Control_01,t_state:CD8,1878,12000,15.65
Control_01,t_state:DP,150,12000,1.25
Control_01,t_state:DN,416,12000,3.466666667
Control_02,class:mono,1471,12000,12.25833333
Control_02,class:gran,2173,12000,18.10833333
Control_02,class:lymph,7173,12000,59.775
Control_02,class:debris,1183,12000,9.858333333
Control_02,doublet,742,12000,6.183333333
Control_02,dead,423,12000,3.525
Control_02,cd3pos,5207,12000,43.39166667
Control_02,t_state:none,6793,12000,56.60833333
Control_02,t_state:CD8,1934,12000,16.11666667
Control_02,t_state:CD4,2698,12000,22.48333333
Control_02,t_state:DN,433,12000,3.608333333
Control_02,t_state:DP,142,12000,1.183333333
Treatment_01,class:mono,1439,12000,11.99166667
Treatment_01,class:gran,2133,12000,17.775
Treatment_01,class:lymph,7196,12000,59.96666667
Treatment_01,class:debris,1232,12000,10.26666667
Treatment_01,doublet,788,12000,6.566666667
Treatment_01,dead,753,12000,6.275
Treatment_01,cd3pos,4961,12000,41.34166667
Treatment_01,t_state:none,7039,12000,58.65833333
Treatment_01,t_state:CD8,2414,12000,20.11666667
Treatment_01,t_state:CD4,1947,12000,16.225
Treatment_01,t_state:DN,388,12000,3.233333333
Treatment_01,t_state:DP,212,12000,1.766666667
Treatment_02,class:debris,1208,12000,10.06666667
Treatment_02,class:lymph,7207,12000,60.05833333
Treatment_02,class:mono,1462,12000,12.18333333
Treatment_02,class:gran,2123,12000,17.69166667
Treatment_02,doublet,723,12000,6.025
Treatment_02,dead,751,12000,6.258333333
Treatment_02,cd3pos,4359,12000,36.325
Treatment_02,t_state:none,7641,12000,63.675
Treatment_02,t_state:CD4,1328,12000,11.06666667
Treatment_02,t_state:CD8,2454,12000,20.45
Treatment_02,t_state:DN,409,12000,3.408333333
Treatment_02,t_state:DP,168,12000,1.4
EdgeCases_01,class:mono,1437,12000,11.975
EdgeCases_01,class:lymph,7227,12000,60.225
EdgeCases_01,class:gran,2148,12000,17.9
EdgeCases_01,class:debris,1188,12000,9.9
EdgeCases_01,doublet,763,12000,6.358333333
EdgeCases_01,dead,762,12000,6.35
EdgeCases_01,cd3pos,5017,12000,41.80833333
EdgeCases_01,t_state:none,6983,12000,58.19166667
EdgeCases_01,t_state:CD8,1908,12000,15.9
EdgeCases_01,t_state:CD4,2499,12000,20.825
EdgeCases_01,t_state:DP,201,12000,1.675
EdgeCases_01,t_state:DN,409,12000,3.408333333
