Sample,Channel,DisplayMin,DisplayMax,Below,Above,InRange
Control_01,CD3-A,-500,10000,74,161,11765
Control_01,CD4-A,-500,10000,78,70,11852
Control_01,FSC-A,40000,140000,1220,427,10353
Control_01,SSC-A,0,120000,42,371,11587
Control_02,CD3-A,-500,10000,81,95,11824
Control_02,CD4-A,-500,10000,62,39,11899
Control_02,FSC-A,40000,140000,1175,608,10217
Control_02,SSC-A,0,120000,39,536,11425
Treatment_01,CD3-A,-500,10000,67,257,11676
Treatment_01,CD4-A,-500,10000,92,95,11813
Treatment_01,FSC-A,40000,140000,1233,386,10381
Treatment_01,SSC-A,0,120000,35,553,11412
Treatment_02,CD3-A,-500,10000,92,24,11884
Treatment_02,CD4-A,-500,10000,91,8,11901
Treatment_02,FSC-A,40000,140000,1198,785,10017
Treatment_02,SSC-A,0,120000,37,225,11738
EdgeCases_01,CD3-A,-500,10000,80,132,11788
EdgeCases_01,CD4-A,-500,10000,71,63,11866
EdgeCases_01,FSC-A,40000,140000,1183,445,10372
EdgeCases_01,SSC-A,0,120000,43,412,11545
