EventIndex,Cluster
0,0
1,0
2,2
3,2
4,0
5,1
6,1
7,0
8,1
9,2
10,1
11,1
12,0
13,2
14,2
15,1
16,0
17,2
18,1
19,0
20,2
21,2
22,0
23,2
24,2
25,0
26,2
27,2
28,2
29,0
30,2
31,0
32,2
33,2
34,1
35,2
36,1
37,2
38,1
39,2
40,0
41,1
42,1
43,2
44,2
45,2
46,1
47,1
48,2
49,1
50,2
51,2
52,2
53,0
54,2
55,0
56,0
57,2
58,1
59,2
60,2
61,2
62,0
63,1
64,1
65,0
66,2
67,0
68,0
69,1
70,0
71,2
72,0
73,0
74,1
75,0
76,0
77,2
78,1
79,0
80,2
81,0
82,1
83,2
84,0
85,1
86,0
87,1
88,1
89,1
90,1
91,1
92,2
93,1
94,2
95,2
96,2
97,0
98,2
99,2
100,2
101,2
102,2
103,1
104,2
105,1
106,1
107,2
108,1
109,0
110,0
111,2
112,1
113,0
114,1
115,1
116,2
117,2
118,2
119,1
120,1
121,1
122,2
123,1
124,2
125,2
126,2
127,1
128,1
129,2
130,0
131,1
132,1
133,2
134,1
135,1
136,1
137,0
138,1
139,0
140,2
141,1
142,2
143,2
144,2
145,2
146,0
147,1
148,1
149,1
150,2
151,1
152,1
153,0
154,2
155,1
156,1
157,1
158,1
159,1
160,2
161,1
162,0
163,0
164,1
165,0
166,2
167,0
168,2
169,1
170,1
171,0
172,2
173,2
174,0
175,1
176,0
177,2
178,2
179,0
180,1
181,0
182,0
183,2
184,0
185,0
186,2
187,2
188,2
189,2
190,0
191,2
192,2
193,1
194,0
195,2
196,1
197,2
198,1
199,1
200,0
201,2
202,1
203,2
204,2
205,1
206,1
207,0
208,2
209,0
210,1
211,1
212,0
213,1
214,0
215,0
216,1
217,2
218,2
219,0
220,2
221,1
222,2
223,1
224,1
225,1
226,2
227,2
228,1
229,1
230,2
231,0
232,0
233,1
234,0
235,1
236,2
237,0
238,0
239,2
240,2
241,1
242,2
243,2
244,1
245,0
246,2
247,2
248,1
249,2
250,2
251,0
252,0
253,0
254,2
255,1
256,1
257,1
258,0
259,2
260,2
261,1
262,1
263,1
264,2
265,0
266,1
267,1
268,2
269,2
270,0
271,2
272,2
273,0
274,1
275,2
276,2
277,0
278,1
279,2
280,2
281,1
282,1
283,2
284,1
285,2
286,0
287,2
288,2
289,1
290,1
291,1
292,1
293,1
294,1
295,2
296,2
297,0
298,1
299,2
300,2
301,0
302,2
303,0
304,2
305,1
306,1
307,1
308,1
309,0
310,0
311,1
312,1
313,0
314,0
315,0
316,2
317,2
318,1
319,1
320,0
321,1
322,1
323,2
324,2
325,1
326,1
327,0
328,2
329,1
330,1
331,0
332,1
333,2
334,0
335,1
336,0
337,0
338,2
339,1
340,2
341,0
342,1
343,0
344,0
345,1
346,2
347,1
348,0
349,0
350,2
351,0
352,1
353,2
354,2
355,1
356,2
357,0
358,1
359,1
360,1
361,1
362,1
363,1
364,0
365,2
366,0
367,1
368,2
369,1
370,2
371,0
372,0
373,1
374,1
375,0
376,2
377,1
378,1
379,0
380,1
381,1
382,2
383,2
384,2
385,2
386,0
387,1
388,1
389,2
390,0
391,0
392,2
393,2
394,1
395,1
396,0
397,1
398,1
399,2
400,1
401,2
402,0
403,2
404,2
405,0
406,2
407,1
408,0
409,1
410,2
411,1
412,1
413,1
414,2
415,0
416,2
417,2
418,1
419,2
420,1
421,2
422,0
423,0
424,2
425,1
426,2
427,1
428,0
429,0
430,2
431,0
432,1
433,2
434,2
435,2
436,0
437,1
438,1
439,1
440,1
441,2
442,2
443,0
444,1
445,1
446,2
447,2
448,1
449,1
450,2
451,1
452,1
453,1
454,1
455,2
456,0
457,0
458,0
459,2
460,0
461,0
462,2
463,0
464,2
465,1
466,1
467,1
468,0
469,1
470,0
471,1
472,0
473,2
474,1
475,1
476,1
477,1
478,2
479,2
480,0
481,1
482,0
483,0
484,0
485,2
486,0
487,1
488,1
489,2
490,2
491,1
492,1
493,1
494,1
495,1
496,1
497,1
498,1
499,1
500,1
501,0
502,0
503,1
504,0
505,1
506,2
507,0
508,1
509,0
510,0
511,0
512,0
513,0
514,1
515,2
516,2
517,0
518,1
519,1
520,0
521,0
522,0
523,1
524,1
525,2
526,1
527,1
528,0
529,0
530,2
531,2
532,0
533,1
534,1
535,1
536,1
537,2
538,0
539,2
540,2
541,1
542,1
543,1
544,0
545,0
546,1
547,1
548,1
549,1
550,2
551,1
552,1
553,0
554,1
555,0
556,1
557,2
558,1
559,2
560,1
561,1
562,0
563,2
564,0
565,2
566,0
567,0
568,1
569,1
570,0
571,2
572,2
573,0
574,0
575,0
576,2
577,2
578,0
579,2
580,2
581,1
582,0
583,0
584,0
585,2
586,1
587,2
588,0
589,2
590,1
591,2
592,0
593,1
594,2
595,0
596,0
597,1
598,2
599,0
600,1
601,0
602,2
603,2
604,0
605,1
606,2
607,1
608,2
609,0
610,2
611,0
612,0
613,0
614,1
615,0
616,0
617,0
618,1
619,0
620,1
621,0
622,2
623,1
624,2
625,1
626,2
627,0
628,1
629,2
630,1
631,2
632,2
633,0
634,1
635,1
636,1
637,1
638,2
639,2
640,2
641,0
642,0
643,2
644,2
645,2
646,0
647,1
648,1
649,1
650,2
651,0
652,0
653,0
654,1
655,0
656,2
657,1
658,0
659,2
660,2
661,1
662,0
663,2
664,0
665,0
666,2
667,0
668,2
669,2
670,2
671,1
672,1
673,0
674,0
675,0
676,0
677,0
678,1
679,1
680,2
681,0
682,0
683,0
684,1
685,1
686,1
687,1
688,0
689,1
690,2
691,0
692,0
693,1
694,1
695,2
696,1
697,0
698,2
699,0
700,1
701,1
702,2
703,1
704,1
705,1
706,2
707,2
708,2
709,0
710,0
711,1
712,1
713,2
714,0
715,1
716,1
717,0
718,2
719,2
720,2
721,0
722,2
723,2
724,0
725,0
726,0
727,1
728,0
729,2
730,1
731,2
732,2
733,2
734,1
735,2
736,2
737,2
738,2
739,2
740,2
741,1
742,2
743,2
744,2
745,2
746,0
747,0
748,1
749,2
750,1
751,2
752,2
753,1
754,0
755,0
756,2
757,0
758,0
759,1
760,0
761,1
762,0
763,1
764,2
765,0
766,0
767,2
768,1
769,1
770,1
771,0
772,1
773,2
774,0
775,2
776,1
777,2
778,0
779,2
780,0
781,2
782,2
783,1
784,0
785,1
786,1
787,0
788,2
789,1
790,2
791,2
792,0
793,1
794,0
795,0
796,2
797,0
798,1
799,0
800,1
801,2
802,0
803,1
804,2
805,2
806,2
807,2
808,0
809,2
810,2
811,2
812,2
813,1
814,2
815,0
816,0
817,0
818,1
819,0
820,0
821,2
822,1
823,1
824,0
825,1
826,1
827,2
828,1
829,2
830,2
831,1
832,2
833,2
834,1
835,0
836,1
837,0
838,2
839,2
840,1
841,0
842,1
843,2
844,2
845,1
846,0
847,1
848,0
849,2
850,1
851,2
852,1
853,1
854,0
855,0
856,2
857,0
858,1
859,1
860,0
861,2
862,0
863,0
864,2
865,1
866,0
867,2
868,2
869,1
870,2
871,2
872,2
873,1
874,0
875,0
876,1
877,1
878,2
879,0
880,0
881,2
882,2
883,0
884,0
885,0
886,2
887,0
888,0
889,0
890,2
891,2
892,2
893,2
894,1
895,2
896,1
897,1
898,1
899,0
900,0
901,1
902,0
903,1
904,1
905,2
906,0
907,1
908,2
909,0
910,0
911,1
912,1
913,1
914,0
915,2
916,1
917,2
918,2
919,2
920,0
921,1
922,2
923,0
924,0
925,1
926,1
927,1
928,1
929,2
930,2
931,2
932,1
933,1
934,1
935,1
936,1
937,0
938,1
939,1
940,2
941,2
942,0
943,0
944,2
945,2
946,0
947,1
948,0
949,0
950,1
951,1
952,0
953,2
954,0
955,2
956,0
957,2
958,1
959,2
960,2
961,1
962,1
963,2
964,0
965,0
966,2
967,0
968,2
969,2
970,1
971,1
972,2
973,0
974,1
975,2
976,2
977,2
978,1
979,0
980,1
981,2
982,1
983,2
984,0
985,2
986,2
987,1
988,0
989,2
990,1
991,2
992,2
993,2
994,1
995,0
996,1
997,1
998,1
999,2
1000,1
1001,2
1002,0
1003,1
1004,1
1005,0
1006,0
1007,1
1008,0
1009,2
1010,0
1011,1
1012,2
1013,1
1014,1
1015,0
1016,1
1017,2
1018,1
1019,2
1020,2
1021,1
1022,2
1023,0
1024,2
1025,0
1026,0
1027,2
1028,1
1029,1
1030,2
1031,0
1032,1
1033,0
1034,0
1035,2
1036,1
1037,2
1038,1
1039,0
1040,0
1041,1
1042,2
1043,2
1044,1
1045,1
1046,1
1047,0
1048,2
1049,1
1050,0
1051,2
1052,0
1053,2
1054,2
1055,2
1056,2
1057,0
1058,1
1059,2
1060,2
1061,0
1062,0
1063,0
1064,2
1065,0
1066,0
1067,0
1068,1
1069,0
1070,0
1071,2
1072,2
1073,2
1074,0
1075,0
1076,0
1077,1
1078,0
1079,0
1080,1
1081,1
1082,0
1083,2
1084,2
1085,2
1086,0
1087,2
1088,0
1089,1
1090,0
1091,1
1092,1
1093,2
1094,2
1095,2
1096,1
1097,1
1098,0
1099,1
1100,2
1101,2
1102,0
1103,0
1104,1
1105,0
1106,0
1107,2
1108,0
1109,0
1110,2
1111,1
1112,1
1113,2
1114,1
1115,1
1116,0
1117,2
1118,2
1119,2
1120,2
1121,2
1122,0
1123,1
1124,2
1125,1
1126,0
1127,1
1128,2
1129,0
1130,0
1131,2
1132,2
1133,2
1134,1
1135,2
1136,2
1137,1
1138,1
1139,0
1140,2
1141,0
1142,0
1143,2
1144,1
1145,1
1146,0
1147,2
1148,1
1149,2
1150,2
1151,2
1152,1
1153,0
1154,1
1155,1
1156,2
1157,1
1158,1
1159,0
1160,1
1161,1
1162,2
1163,1
1164,1
1165,1
1166,0
1167,1
1168,1
1169,0
1170,0
1171,0
1172,2
1173,1
1174,1
1175,0
1176,1
1177,2
1178,2
1179,1
1180,1
1181,2
1182,0
1183,0
1184,1
1185,1
1186,1
1187,1
1188,2
1189,2
1190,2
1191,2
1192,2
1193,0
1194,1
1195,0
1196,1
1197,1
1198,0
1199,0
1200,1
1201,1
1202,1
1203,2
1204,1
1205,2
1206,2
1207,2
1208,2
1209,2
1210,0
1211,0
1212,2
1213,2
1214,2
1215,2
1216,1
1217,1
1218,2
1219,1
1220,2
1221,1
1222,1
1223,1
1224,1
1225,0
1226,1
1227,0
1228,1
1229,0
1230,0
1231,0
1232,1
1233,2
1234,1
1235,2
1236,2
1237,1
1238,0
1239,1
1240,1
1241,1
1242,2
1243,2
1244,1
1245,1
1246,1
1247,2
1248,2
1249,2
1250,2
1251,1
1252,2
1253,1
1254,2
1255,0
1256,1
1257,2
1258,2
1259,2
1260,2
1261,1
1262,1
1263,1
1264,1
1265,2
1266,0
1267,2
1268,0
1269,1
1270,2
1271,2
1272,1
1273,1
1274,1
1275,0
1276,2
1277,0
1278,2
1279,0
1280,0
1281,1
1282,2
1283,2
1284,2
1285,0
1286,2
1287,1
1288,2
1289,1
1290,1
1291,2
1292,0
1293,2
1294,2
1295,2
1296,2
1297,2
1298,0
1299,1
1300,2
1301,1
1302,2
1303,1
1304,0
1305,2
1306,1
1307,2
1308,1
1309,1
1310,2
1311,1
1312,1
1313,0
1314,2
1315,1
1316,0
1317,2
1318,2
1319,2
1320,1
1321,2
1322,0
1323,2
1324,1
1325,2
1326,1
1327,1
1328,1
1329,0
1330,2
1331,2
1332,2
1333,1
1334,1
1335,0
1336,1
1337,2
1338,0
1339,2
1340,1
1341,1
1342,0
1343,2
1344,2
1345,2
1346,2
1347,2
1348,2
1349,1
1350,1
1351,2
1352,0
1353,1
1354,0
1355,0
1356,1
1357,1
1358,1
1359,1
1360,2
1361,2
1362,1
1363,2
1364,1
1365,2
1366,1
1367,2
1368,0
1369,2
1370,0
1371,1
1372,0
1373,0
1374,0
1375,0
1376,2
1377,0
1378,0
1379,1
1380,1
1381,1
1382,2
1383,1
1384,2
1385,0
1386,1
1387,0
1388,1
1389,0
1390,1
1391,1
1392,2
1393,1
1394,2
1395,2
1396,0
1397,1
1398,0
1399,2
1400,2
1401,1
1402,2
1403,2
1404,0
1405,2
1406,1
1407,0
1408,0
1409,0
1410,1
1411,0
1412,2
1413,0
1414,1
1415,2
1416,0
1417,1
1418,2
1419,2
1420,2
1421,0
1422,0
1423,1
1424,1
1425,0
1426,2
1427,1
1428,0
1429,2
1430,2
1431,2
1432,2
1433,2
1434,1
1435,2
1436,1
1437,1
1438,1
1439,2
1440,0
1441,1
1442,1
1443,1
1444,1
1445,0
1446,2
1447,2
1448,0
1449,1
1450,2
1451,0
1452,1
1453,2
1454,0
1455,0
1456,2
1457,1
1458,0
1459,2
1460,0
1461,0
1462,2
1463,1
1464,2
1465,1
1466,0
1467,1
1468,1
1469,2
1470,1
1471,0
1472,0
1473,1
1474,0
1475,0
1476,0
1477,2
1478,0
1479,2
1480,1
1481,2
1482,0
1483,2
1484,1
1485,1
1486,2
1487,0
1488,0
1489,1
1490,0
1491,0
1492,2
1493,1
1494,0
1495,2
1496,2
1497,2
1498,1
1499,0
1500,2
1501,1
1502,0
1503,2
1504,1
1505,2
1506,2
1507,0
1508,2
1509,2
1510,0
1511,1
1512,1
1513,2
1514,1
1515,2
1516,0
1517,0
1518,1
1519,1
1520,2
1521,0
1522,1
1523,2
1524,1
1525,2
1526,0
1527,0
1528,1
1529,0
1530,0
1531,1
1532,2
1533,0
1534,1
1535,2
1536,2
1537,1
1538,2
1539,0
1540,0
1541,2
1542,2
1543,0
1544,1
1545,1
1546,2
1547,0
1548,1
1549,0
1550,1
1551,2
1552,0
1553,1
1554,0
1555,1
1556,1
1557,0
1558,1
1559,0
1560,0
1561,2
1562,1
1563,0
1564,0
1565,1
1566,1
1567,1
1568,1
1569,2
1570,2
1571,2
1572,0
1573,1
1574,1
1575,1
1576,1
1577,1
1578,1
1579,1
1580,1
1581,1
1582,1
1583,0
1584,1
1585,2
1586,0
1587,2
1588,2
1589,1
1590,2
1591,2
1592,2
1593,0
1594,0
1595,0
1596,1
1597,0
1598,0
1599,0
1600,0
1601,0
1602,2
1603,1
1604,0
1605,1
1606,2
1607,0
1608,1
1609,2
1610,2
1611,2
1612,0
1613,1
1614,1
1615,1
1616,0
1617,2
1618,0
1619,2
1620,1
1621,0
1622,2
1623,1
1624,2
1625,2
1626,1
1627,2
1628,0
1629,2
1630,2
1631,1
1632,2
1633,1
1634,1
1635,2
1636,0
1637,1
1638,1
1639,2
1640,1
1641,0
1642,2
1643,2
1644,0
1645,0
1646,1
1647,1
1648,0
1649,1
1650,2
1651,2
1652,0
1653,2
1654,0
1655,2
1656,1
1657,0
1658,0
1659,2
1660,0
1661,1
1662,2
1663,0
1664,2
1665,1
1666,2
1667,0
1668,0
1669,2
1670,2
1671,2
1672,0
1673,2
1674,2
1675,2
1676,1
1677,2
1678,2
1679,2
1680,0
1681,0
1682,1
1683,0
1684,2
1685,2
1686,1
1687,1
1688,0
1689,0
1690,0
1691,2
1692,2
1693,1
1694,2
1695,0
1696,2
1697,0
1698,0
1699,2
1700,0
1701,0
1702,1
1703,0
1704,0
1705,2
1706,0
1707,2
1708,2
1709,2
1710,1
1711,2
1712,0
1713,1
1714,2
1715,1
1716,1
1717,1
1718,1
1719,1
1720,0
1721,2
1722,2
1723,0
1724,2
1725,2
1726,2
1727,2
1728,0
1729,2
1730,2
1731,0
1732,2
1733,2
1734,2
1735,2
1736,2
1737,2
1738,1
1739,0
1740,0
1741,1
1742,2
1743,1
1744,1
1745,2
1746,0
1747,2
1748,1
1749,1
1750,1
1751,2
1752,2
1753,1
1754,1
1755,2
1756,0
1757,2
1758,1
1759,1
1760,2
1761,2
1762,1
1763,2
1764,1
1765,1
1766,2
1767,0
1768,0
1769,2
1770,0
1771,1
1772,1
1773,2
1774,0
1775,1
1776,1
1777,0
1778,2
1779,2
1780,1
1781,2
1782,0
1783,2
1784,0
1785,2
1786,2
1787,1
1788,2
1789,1
1790,0
1791,1
1792,2
1793,1
1794,0
1795,0
1796,0
1797,0
1798,1
1799,2
1800,0
1801,2
1802,2
1803,1
1804,0
1805,2
1806,1
1807,0
1808,0
1809,0
1810,1
1811,1
1812,2
1813,2
1814,1
1815,1
1816,1
1817,0
1818,2
1819,2
1820,2
1821,2
1822,0
1823,1
1824,2
1825,1
1826,2
1827,0
1828,0
1829,1
1830,0
1831,1
1832,2
1833,2
1834,0
1835,1
1836,1
1837,1
1838,2
1839,2
1840,1
1841,0
1842,2
1843,1
1844,2
1845,2
1846,2
1847,2
1848,0
1849,2
1850,1
1851,1
1852,1
1853,2
1854,0
1855,1
1856,1
1857,2
1858,2
1859,2
1860,2
1861,0
1862,2
1863,0
1864,1
1865,1
1866,1
1867,1
1868,1
1869,0
1870,2
1871,1
1872,1
1873,2
1874,0
1875,1
1876,1
1877,2
1878,1
1879,2
1880,2
1881,0
1882,2
1883,0
1884,0
1885,1
1886,2
1887,0
1888,1
1889,2
1890,2
1891,0
1892,2
1893,1
1894,1
1895,1
1896,2
1897,2
1898,1
1899,0
1900,1
1901,1
1902,2
1903,0
1904,2
1905,2
1906,2
1907,1
1908,0
1909,2
1910,0
1911,2
1912,0
1913,0
1914,0
1915,1
1916,1
1917,2
1918,2
1919,0
1920,1
1921,1
1922,1
1923,2
1924,2
1925,2
1926,1
1927,1
1928,2
1929,2
1930,1
1931,1
1932,0
1933,2
1934,1
1935,0
1936,2
1937,0
1938,2
1939,1
1940,1
1941,1
1942,2
1943,1
1944,1
1945,2
1946,1
1947,0
1948,2
1949,1
1950,2
1951,1
1952,2
1953,2
1954,1
1955,2
1956,2
1957,2
1958,2
1959,2
1960,1
1961,0
1962,2
1963,2
1964,1
1965,0
1966,2
1967,1
1968,2
1969,2
1970,1
1971,1
1972,1
1973,1
1974,2
1975,2
1976,2
1977,1
1978,2
1979,1
1980,1
1981,2
1982,1
1983,0
1984,1
1985,0
1986,1
1987,0
1988,1
1989,1
1990,2
1991,1
1992,2
1993,2
1994,0
1995,0
1996,1
1997,2
1998,2
1999,1
2000,2
2001,0
2002,0
2003,0
2004,1
2005,1
2006,2
2007,2
2008,0
2009,0
2010,2
2011,1
2012,1
2013,2
2014,0
2015,1
2016,2
2017,0
2018,1
2019,1
2020,2
2021,2
2022,2
2023,1
2024,2
2025,0
2026,0
2027,1
2028,1
2029,2
2030,2
2031,1
2032,2
2033,0
2034,0
2035,2
2036,0
2037,2
2038,0
2039,2
2040,1
2041,0
2042,2
2043,1
2044,0
2045,1
2046,2
2047,1
2048,0
2049,0
2050,0
2051,0
2052,2
2053,1
2054,1
2055,2
2056,0
2057,0
2058,1
2059,1
2060,2
2061,1
2062,0
2063,1
2064,0
2065,1
2066,0
2067,2
2068,2
2069,1
2070,2
2071,2
2072,2
2073,1
2074,2
2075,2
2076,1
2077,2
2078,0
2079,0
2080,1
2081,1
2082,2
2083,1
2084,2
2085,1
2086,2
2087,0
2088,0
2089,0
2090,2
2091,2
2092,0
2093,1
2094,0
2095,2
2096,1
2097,2
2098,1
2099,2
2100,2
2101,2
2102,1
2103,1
2104,2
2105,2
2106,0
2107,2
2108,1
2109,2
2110,1
2111,1
2112,1
2113,2
2114,2
2115,2
2116,0
2117,0
2118,0
2119,2
2120,0
2121,2
2122,0
2123,2
2124,1
2125,0
2126,2
2127,1
2128,2
2129,0
2130,0
2131,1
2132,0
2133,2
2134,1
2135,1
2136,2
2137,2
2138,0
2139,0
2140,1
2141,0
2142,1
2143,2
2144,0
2145,2
2146,2
2147,1
2148,0
2149,0
2150,1
2151,1
2152,1
2153,2
2154,1
2155,1
2156,0
2157,2
2158,2
2159,0
2160,0
2161,1
2162,2
2163,0
2164,2
2165,0
2166,0
2167,2
2168,0
2169,2
2170,0
2171,0
2172,0
2173,1
2174,0
2175,2
2176,1
2177,2
2178,2
2179,0
2180,2
2181,2
2182,0
2183,0
2184,0
2185,0
2186,1
2187,0
2188,2
2189,0
2190,1
2191,2
2192,2
2193,1
2194,2
2195,1
2196,1
2197,1
2198,2
2199,0
2200,2
2201,1
2202,2
2203,1
2204,2
2205,2
2206,2
2207,1
2208,1
2209,1
2210,0
2211,2
2212,0
2213,0
2214,2
2215,2
2216,2
2217,1
2218,0
2219,1
2220,1
2221,2
2222,0
2223,1
2224,0
2225,0
2226,1
2227,2
2228,1
2229,2
2230,2
2231,2
2232,0
2233,2
2234,0
2235,2
2236,2
2237,0
2238,1
2239,0
2240,1
2241,0
2242,2
2243,1
2244,2
2245,0
2246,1
2247,1
2248,0
2249,1
2250,1
2251,1
2252,1
2253,1
2254,1
2255,2
2256,0
2257,1
2258,0
2259,2
2260,1
2261,2
2262,0
2263,1
2264,1
2265,1
2266,1
2267,1
2268,0
2269,0
2270,2
2271,0
2272,1
2273,1
2274,0
2275,2
2276,2
2277,0
2278,2
2279,2
2280,0
2281,1
2282,1
2283,0
2284,0
2285,0
2286,0
2287,0
2288,1
2289,2
2290,1
2291,0
2292,1
2293,2
2294,1
2295,2
2296,0
2297,0
2298,2
2299,1
2300,2
2301,0
2302,1
2303,0
2304,1
2305,0
2306,2
2307,1
2308,2
2309,2
2310,0
2311,0
2312,1
2313,2
2314,0
2315,0
2316,2
2317,1
2318,0
2319,2
2320,2
2321,0
2322,1
2323,2
2324,1
2325,2
2326,1
2327,1
2328,1
2329,1
2330,2
2331,1
2332,0
2333,1
2334,2
2335,1
2336,1
2337,1
2338,0
2339,2
2340,1
2341,1
2342,1
2343,2
2344,0
2345,2
2346,2
2347,0
2348,2
2349,1
2350,1
2351,2
2352,2
2353,1
2354,2
2355,2
2356,2
2357,0
2358,1
2359,2
2360,2
2361,1
2362,1
2363,0
2364,2
2365,0
2366,0
2367,1
2368,2
2369,2
2370,1
2371,1
2372,1
2373,0
2374,2
2375,1
2376,0
2377,0
2378,2
2379,0
2380,2
2381,0
2382,0
2383,1
2384,0
2385,2
2386,2
2387,0
2388,1
2389,0
2390,0
2391,2
2392,2
2393,2
2394,1
2395,0
2396,0
2397,0
2398,1
2399,1
2400,2
2401,2
2402,1
2403,2
2404,0
2405,2
2406,2
2407,0
2408,0
2409,2
2410,2
2411,2
2412,2
2413,1
2414,1
2415,1
2416,1
2417,0
2418,0
2419,0
2420,0
2421,0
2422,1
2423,1
2424,0
2425,0
2426,2
2427,1
2428,2
2429,1
2430,1
2431,1
2432,2
2433,2
2434,1
2435,2
2436,1
2437,1
2438,1
2439,1
2440,1
2441,2
2442,0
2443,1
2444,2
2445,1
2446,0
2447,0
2448,0
2449,2
2450,0
2451,0
2452,1
2453,1
2454,2
2455,2
2456,1
2457,0
2458,2
2459,0
2460,1
2461,2
2462,1
2463,0
2464,0
2465,2
2466,0
2467,1
2468,2
2469,1
2470,2
2471,2
2472,1
2473,1
2474,1
2475,0
2476,0
2477,0
2478,2
2479,2
2480,0
2481,1
2482,1
2483,0
2484,0
2485,0
2486,2
2487,2
2488,1
2489,0
2490,2
2491,2
2492,1
2493,0
2494,0
2495,1
2496,1
2497,1
2498,2
2499,2
2500,1
2501,1
2502,2
2503,2
2504,0
2505,0
2506,2
2507,2
2508,2
2509,0
2510,2
2511,0
2512,2
2513,2
2514,1
2515,0
2516,0
2517,0
2518,1
2519,0
2520,0
2521,2
2522,2
2523,1
2524,2
2525,1
2526,2
2527,1
2528,1
2529,0
2530,0
2531,0
2532,2
2533,1
2534,0
2535,1
2536,2
2537,1
2538,1
2539,2
2540,1
2541,0
2542,2
2543,1
2544,0
2545,1
2546,1
2547,1
2548,2
2549,2
2550,1
2551,0
2552,0
2553,2
2554,2
2555,0
2556,2
2557,1
2558,0
2559,2
2560,1
2561,2
2562,2
2563,1
2564,1
2565,1
2566,0
2567,0
2568,2
2569,2
2570,2
2571,1
2572,1
2573,0
2574,0
2575,1
2576,2
2577,2
2578,1
2579,1
2580,0
2581,1
2582,1
2583,2
2584,1
2585,2
2586,2
2587,0
2588,2
2589,0
2590,2
2591,2
2592,1
2593,2
2594,2
2595,1
2596,2
2597,1
2598,1
2599,0
2600,1
2601,1
2602,1
2603,1
2604,2
2605,0
2606,2
2607,1
2608,1
2609,2
2610,0
2611,1
2612,1
2613,0
2614,0
2615,1
2616,0
2617,2
2618,0
2619,2
2620,1
2621,2
2622,1
2623,1
2624,0
2625,1
2626,2
2627,0
2628,1
2629,0
2630,0
2631,1
2632,1
2633,2
2634,2
2635,2
2636,0
2637,1
2638,0
2639,2
2640,1
2641,2
2642,0
2643,2
2644,0
2645,1
2646,1
2647,0
2648,0
2649,0
2650,2
2651,1
2652,2
2653,1
2654,0
2655,2
2656,0
2657,2
2658,0
2659,0
2660,1
2661,0
2662,0
2663,0
2664,0
2665,1
2666,2
2667,0
2668,0
2669,2
2670,0
2671,1
2672,0
2673,1
2674,1
2675,2
2676,0
2677,1
2678,1
2679,1
2680,0
2681,2
2682,0
2683,1
2684,2
2685,2
2686,2
2687,1
2688,0
2689,2
2690,1
2691,1
2692,2
2693,2
2694,1
2695,1
2696,1
2697,2
2698,1
2699,2
2700,1
2701,0
2702,1
2703,0
2704,0
2705,1
2706,2
2707,2
2708,2
2709,1
2710,0
2711,2
2712,2
2713,2
2714,1
2715,1
2716,1
2717,0
2718,2
2719,1
2720,1
2721,2
2722,2
2723,2
2724,2
2725,2
2726,1
2727,1
2728,0
2729,0
2730,1
2731,1
2732,2
2733,0
2734,0
2735,1
2736,2
2737,0
2738,2
2739,2
2740,1
2741,1
2742,0
2743,1
2744,0
2745,2
2746,2
2747,2
2748,0
2749,0
2750,2
2751,0
2752,2
2753,2
2754,1
2755,2
2756,0
2757,2
2758,0
2759,1
2760,0
2761,1
2762,2
2763,2
2764,0
2765,0
2766,0
2767,1
2768,1
2769,2
2770,2
2771,2
2772,2
2773,2
2774,1
2775,2
2776,0
2777,0
2778,1
2779,2
2780,0
2781,2
2782,1
2783,0
2784,2
2785,2
2786,1
2787,1
2788,2
2789,1
2790,1
2791,1
2792,1
2793,2
2794,1
2795,1
2796,1
2797,0
2798,0
2799,1
2800,2
2801,0
2802,1
2803,0
2804,0
2805,1
2806,1
2807,1
2808,1
2809,0
2810,0
2811,0
2812,1
2813,1
2814,2
2815,1
2816,1
2817,2
2818,1
2819,1
2820,1
2821,0
2822,2
2823,2
2824,2
2825,1
2826,2
2827,1
2828,2
2829,2
2830,1
2831,2
2832,0
2833,1
2834,1
2835,0
2836,0
2837,1
2838,1
2839,0
2840,2
2841,0
2842,1
2843,0
2844,2
2845,1
2846,2
2847,0
2848,1
2849,2
2850,0
2851,1
2852,0
2853,2
2854,0
2855,1
2856,0
2857,1
2858,2
2859,0
2860,1
2861,2
2862,1
2863,1
2864,2
2865,0
2866,0
2867,0
2868,0
2869,0
2870,0
2871,0
2872,0
2873,1
2874,0
2875,1
2876,0
2877,1
2878,2
2879,1
2880,2
2881,2
2882,1
2883,2
2884,0
2885,1
2886,0
2887,2
2888,2
2889,0
2890,2
2891,0
2892,0
2893,2
2894,0
2895,2
2896,2
2897,1
2898,2
2899,2
2900,1
2901,0
2902,1
2903,1
2904,2
2905,2
2906,0
2907,2
2908,2
2909,1
2910,2
2911,2
2912,1
2913,2
2914,2
2915,1
2916,0
2917,0
2918,1
2919,1
2920,1
2921,0
2922,2
2923,2
2924,0
2925,0
2926,2
2927,0
2928,0
2929,1
2930,1
2931,2
2932,1
2933,1
2934,1
2935,1
2936,1
2937,1
2938,2
2939,1
2940,2
2941,1
2942,0
2943,2
2944,0
2945,1
2946,1
2947,2
2948,2
2949,0
2950,1
2951,1
2952,0
2953,0
2954,1
2955,1
2956,0
2957,1
2958,2
2959,1
2960,0
2961,0
2962,0
2963,0
2964,2
2965,2
2966,1
2967,2
2968,2
2969,1
2970,0
2971,2
2972,0
2973,0
2974,1
2975,0
2976,1
2977,1
2978,1
2979,0
2980,1
2981,2
2982,2
2983,1
2984,2
2985,0
2986,2
2987,2
2988,2
2989,0
2990,0
2991,1
2992,1
2993,2
2994,1
2995,0
2996,1
2997,1
2998,0
2999,2
3000,2
3001,1
3002,1
3003,1
3004,1
3005,0
3006,2
3007,1
3008,2
3009,1
3010,0
3011,0
3012,0
3013,0
3014,1
3015,2
3016,2
3017,2
3018,2
3019,0
3020,0
3021,1
3022,0
3023,2
3024,2
3025,1
3026,0
3027,2
3028,2
3029,0
3030,1
3031,0
3032,0
3033,2
3034,2
3035,2
3036,1
3037,0
3038,1
3039,0
3040,2
3041,1
3042,1
3043,2
3044,0
3045,0
3046,0
3047,0
3048,0
3049,0
3050,2
3051,2
3052,2
3053,2
3054,0
3055,1
3056,0
3057,1
3058,1
3059,2
3060,0
3061,2
3062,2
3063,1
3064,2
3065,0
3066,1
3067,1
3068,1
3069,2
3070,2
3071,1
3072,1
3073,0
3074,1
3075,1
3076,0
3077,2
3078,0
3079,0
3080,2
3081,2
3082,2
3083,1
3084,1
3085,2
3086,2
3087,1
3088,2
3089,0
3090,2
3091,2
3092,1
3093,0
3094,2
3095,2
3096,0
3097,0
3098,1
3099,1
3100,2
3101,2
3102,1
3103,2
3104,1
3105,2
3106,1
3107,1
3108,2
3109,2
3110,1
3111,0
3112,0
3113,2
3114,1
3115,1
3116,0
3117,1
3118,0
3119,0
3120,0
3121,0
3122,1
3123,1
3124,2
3125,2
3126,1
3127,1
3128,1
3129,1
3130,2
3131,0
3132,2
3133,2
3134,1
3135,0
3136,1
3137,0
3138,2
3139,2
3140,0
3141,2
3142,1
3143,0
3144,1
3145,0
3146,0
3147,1
3148,2
3149,0
3150,2
3151,1
3152,0
3153,2
3154,1
3155,0
3156,1
3157,2
3158,0
3159,0
3160,0
3161,1
3162,1
3163,2
3164,1
3165,2
3166,1
3167,1
3168,1
3169,0
3170,1
3171,0
3172,0
3173,1
3174,1
3175,2
3176,1
3177,0
3178,2
3179,1
3180,0
3181,0
3182,0
3183,0
3184,2
3185,2
3186,0
3187,1
3188,1
3189,2
3190,1
3191,2
3192,0
3193,2
3194,0
3195,2
3196,0
3197,0
3198,0
3199,0
3200,0
3201,1
3202,2
3203,1
3204,1
3205,1
3206,2
3207,1
3208,1
3209,0
3210,0
3211,2
3212,0
3213,1
3214,2
3215,1
3216,2
3217,1
3218,0
3219,1
3220,0
3221,0
3222,1
3223,1
3224,2
3225,0
3226,2
3227,1
3228,1
3229,1
3230,1
3231,1
3232,2
3233,0
3234,0
3235,0
3236,2
3237,2
3238,0
3239,2
3240,2
3241,1
3242,2
3243,1
3244,2
3245,2
3246,0
3247,0
3248,1
3249,2
3250,1
3251,2
3252,2
3253,1
3254,0
3255,1
3256,0
3257,1
3258,2
3259,2
3260,0
3261,2
3262,2
3263,1
3264,2
3265,1
3266,2
3267,1
3268,1
3269,2
3270,2
3271,0
3272,1
3273,2
3274,1
3275,2
3276,0
3277,0
3278,1
3279,0
3280,1
3281,2
3282,0
3283,0
3284,1
3285,2
3286,0
3287,0
3288,1
3289,0
3290,2
3291,1
3292,2
3293,0
3294,2
3295,1
3296,1
3297,0
3298,1
3299,2
3300,1
3301,1
3302,0
3303,2
3304,1
3305,0
3306,0
3307,1
3308,1
3309,1
3310,0
3311,2
3312,1
3313,1
3314,2
3315,2
3316,0
3317,2
3318,0
3319,2
3320,2
3321,2
3322,2
3323,2
3324,1
3325,2
3326,2
3327,2
3328,2
3329,1
3330,2
3331,1
3332,2
3333,0
3334,2
3335,0
3336,0
3337,2
3338,1
3339,1
3340,0
3341,0
3342,1
3343,1
3344,0
3345,0
3346,1
3347,0
3348,1
3349,2
3350,2
3351,1
3352,2
3353,0
3354,2
3355,2
3356,2
3357,0
3358,0
3359,0
3360,0
3361,0
3362,1
3363,0
3364,1
3365,1
3366,1
3367,2
3368,0
3369,0
3370,0
3371,0
3372,0
3373,1
3374,0
3375,2
3376,1
3377,0
3378,1
3379,0
3380,0
3381,2
3382,0
3383,1
3384,1
3385,1
3386,1
3387,2
3388,0
3389,2
3390,0
3391,1
3392,1
3393,0
3394,1
3395,2
3396,0
3397,1
3398,2
3399,1
3400,0
3401,1
3402,0
3403,1
3404,1
3405,1
3406,0
3407,0
3408,1
3409,1
3410,1
3411,1
3412,1
3413,0
3414,1
3415,2
3416,1
3417,2
3418,0
3419,2
3420,2
3421,2
3422,2
3423,2
3424,2
3425,1
3426,0
3427,2
3428,2
3429,1
3430,1
3431,2
3432,2
3433,2
3434,0
3435,2
3436,1
3437,0
3438,0
3439,2
3440,0
3441,1
3442,2
3443,1
3444,0
3445,2
3446,1
3447,0
3448,0
3449,1
3450,0
3451,1
3452,1
3453,1
3454,2
3455,1
3456,1
3457,2
3458,0
3459,0
3460,2
3461,0
3462,0
3463,2
3464,0
3465,0
3466,2
3467,2
3468,1
3469,2
3470,2
3471,0
3472,0
3473,2
3474,1
3475,1
3476,2
3477,0
3478,0
3479,2
3480,1
3481,2
3482,1
3483,1
3484,0
3485,0
3486,1
3487,2
3488,0
3489,1
3490,2
3491,0
3492,1
3493,2
3494,1
3495,1
3496,1
3497,2
3498,1
3499,2
3500,0
3501,1
3502,2
3503,2
3504,0
3505,1
3506,0
3507,0
3508,1
3509,0
3510,0
3511,2
3512,0
3513,1
3514,1
3515,2
3516,2
3517,0
3518,2
3519,0
3520,1
3521,0
3522,1
3523,2
3524,2
3525,2
3526,1
3527,2
3528,2
3529,1
3530,2
3531,2
3532,1
3533,0
3534,2
3535,0
3536,1
3537,1
3538,1
3539,2
3540,0
3541,1
3542,0
3543,2
3544,0
3545,2
3546,1
3547,0
3548,0
3549,2
3550,0
3551,2
3552,0
3553,0
3554,1
3555,0
3556,1
3557,2
3558,2
3559,1
3560,0
3561,2
3562,1
3563,0
3564,1
3565,2
3566,2
3567,0
3568,2
3569,2
3570,1
3571,0
3572,0
3573,2
3574,1
3575,2
3576,0
3577,1
3578,1
3579,0
3580,2
3581,1
3582,0
3583,1
3584,0
3585,1
3586,2
3587,2
3588,2
3589,0
3590,0
3591,0
3592,1
3593,1
3594,1
3595,1
3596,1
3597,0
3598,0
3599,1
3600,0
3601,2
3602,0
3603,2
3604,0
3605,1
3606,2
3607,0
3608,0
3609,0
3610,1
3611,2
3612,1
3613,1
3614,1
3615,2
3616,0
3617,2
3618,1
3619,0
3620,1
3621,2
3622,2
3623,1
3624,0
3625,2
3626,1
3627,2
3628,1
3629,1
3630,2
3631,1
3632,0
3633,1
3634,0
3635,1
3636,2
3637,2
3638,0
3639,0
3640,2
3641,1
3642,2
3643,2
3644,0
3645,0
3646,1
3647,2
3648,1
3649,0
3650,0
3651,0
3652,0
3653,0
3654,2
3655,0
3656,2
3657,1
3658,0
3659,1
3660,2
3661,1
3662,0
3663,0
3664,1
3665,2
3666,2
3667,1
3668,1
3669,2
3670,0
3671,0
3672,2
3673,0
3674,0
3675,1
3676,1
3677,2
3678,0
3679,1
3680,1
3681,1
3682,2
3683,0
3684,0
3685,2
3686,0
3687,1
3688,2
3689,2
3690,2
3691,1
3692,2
3693,1
3694,0
3695,0
3696,2
3697,2
3698,1
3699,2
3700,1
3701,0
3702,0
3703,2
3704,0
3705,0
3706,1
3707,2
3708,0
3709,1
3710,1
3711,0
3712,0
3713,2
3714,1
3715,0
3716,0
3717,0
3718,1
3719,2
3720,0
3721,2
3722,0
3723,2
3724,0
3725,0
3726,1
3727,2
3728,2
3729,1
3730,1
3731,1
3732,0
3733,1
3734,0
3735,2
3736,1
3737,1
3738,2
3739,0
3740,1
3741,2
3742,2
3743,2
3744,0
3745,0
3746,0
3747,1
3748,0
3749,0
3750,0
3751,2
3752,1
3753,0
3754,1
3755,1
3756,0
3757,2
3758,0
3759,0
3760,1
3761,2
3762,2
3763,1
3764,0
3765,2
3766,2
3767,0
3768,1
3769,2
3770,1
3771,2
3772,0
3773,2
3774,1
3775,0
3776,1
3777,0
3778,2
3779,1
3780,0
3781,2
3782,2
3783,1
3784,2
3785,0
3786,0
3787,1
3788,2
3789,0
3790,2
3791,2
3792,0
3793,0
3794,2
3795,2
3796,0
3797,1
3798,0
3799,2
3800,2
3801,1
3802,2
3803,0
3804,1
3805,1
3806,2
3807,1
3808,2
3809,1
3810,2
3811,0
3812,1
3813,1
3814,1
3815,1
3816,1
3817,2
3818,2
3819,1
3820,1
3821,1
3822,2
3823,2
3824,1
3825,1
3826,1
3827,1
3828,0
3829,1
3830,0
3831,2
3832,0
3833,2
3834,0
3835,0
3836,2
3837,0
3838,2
3839,2
3840,2
3841,2
3842,1
3843,0
3844,1
3845,1
3846,1
3847,1
3848,0
3849,2
3850,0
3851,0
3852,2
3853,0
3854,1
3855,0
3856,0
3857,2
3858,1
3859,1
3860,0
3861,2
3862,2
3863,0
3864,2
3865,1
3866,1
3867,2
3868,1
3869,2
3870,2
3871,2
3872,1
3873,1
3874,2
3875,1
3876,1
3877,0
3878,1
3879,2
3880,0
3881,2
3882,2
3883,1
3884,1
3885,0
3886,2
3887,0
3888,0
3889,0
3890,1
3891,1
3892,1
3893,1
3894,1
3895,0
3896,2
3897,2
3898,0
3899,2
3900,1
3901,1
3902,1
3903,1
3904,0
3905,1
3906,1
3907,1
3908,2
3909,2
3910,0
3911,2
3912,1
3913,0
3914,2
3915,1
3916,1
3917,2
3918,1
3919,1
3920,1
3921,0
3922,2
3923,1
3924,0
3925,0
3926,1
3927,1
3928,1
3929,2
3930,1
3931,1
3932,1
3933,1
3934,1
3935,0
3936,0
3937,1
3938,0
3939,2
3940,2
3941,2
3942,0
3943,2
3944,1
3945,2
3946,2
3947,2
3948,0
3949,2
3950,1
3951,2
3952,2
3953,1
3954,0
3955,2
3956,1
3957,0
3958,0
3959,1
3960,2
3961,0
3962,1
3963,2
3964,2
3965,1
3966,0
3967,2
3968,0
3969,0
3970,1
3971,2
3972,2
3973,1
3974,2
3975,0
3976,2
3977,2
3978,2
3979,0
3980,2
3981,1
3982,1
3983,0
3984,2
3985,2
3986,0
3987,2
3988,1
3989,2
3990,2
3991,0
3992,1
3993,1
3994,0
3995,1
3996,1
3997,2
3998,1
3999,2
4000,2
4001,2
4002,0
4003,1
4004,1
4005,2
4006,1
4007,1
4008,2
4009,1
4010,1
4011,1
4012,1
4013,0
4014,1
4015,2
4016,0
4017,1
4018,1
4019,1
4020,2
4021,2
4022,2
4023,1
4024,1
4025,1
4026,2
4027,0
4028,2
4029,1
4030,2
4031,2
4032,1
4033,2
4034,2
4035,2
4036,0
4037,0
4038,0
4039,1
4040,1
4041,2
4042,0
4043,2
4044,0
4045,2
4046,1
4047,0
4048,2
4049,1
4050,0
4051,1
4052,0
4053,1
4054,1
4055,1
4056,1
4057,0
4058,2
4059,0
4060,2
4061,1
4062,1
4063,1
4064,2
4065,1
4066,2
4067,1
4068,2
4069,1
4070,1
4071,0
4072,2
4073,1
4074,1
4075,1
4076,2
4077,2
4078,1
4079,0
4080,2
4081,2
4082,0
4083,1
4084,1
4085,0
4086,0
4087,1
4088,0
4089,2
4090,2
4091,0
4092,1
4093,1
4094,2
4095,2
4096,2
4097,0
4098,2
4099,1
4100,0
4101,1
4102,0
4103,1
4104,2
4105,1
4106,0
4107,1
4108,2
4109,1
4110,0
4111,2
4112,1
4113,2
4114,2
4115,2
4116,1
4117,0
4118,1
4119,2
4120,1
4121,0
4122,2
4123,0
4124,0
4125,1
4126,2
4127,0
4128,0
4129,2
4130,1
4131,0
4132,2
4133,2
4134,2
4135,1
4136,2
4137,2
4138,1
4139,1
4140,0
4141,0
4142,0
4143,2
4144,0
4145,0
4146,0
4147,1
4148,1
4149,2
4150,0
4151,1
4152,0
4153,2
4154,2
4155,2
4156,1
4157,2
4158,1
4159,2
4160,2
4161,1
4162,1
4163,2
4164,1
4165,1
4166,1
4167,0
4168,2
4169,2
4170,2
4171,0
4172,2
4173,1
4174,2
4175,2
4176,1
4177,2
4178,0
4179,0
4180,1
4181,2
4182,1
4183,2
4184,1
4185,1
4186,1
4187,0
4188,2
4189,2
4190,0
4191,1
4192,1
4193,1
4194,2
4195,2
4196,2
4197,0
4198,2
4199,2
4200,0
4201,0
4202,2
4203,1
4204,2
4205,0
4206,1
4207,1
4208,2
4209,0
4210,1
4211,1
4212,0
4213,1
4214,0
4215,1
4216,1
4217,1
4218,2
4219,1
4220,2
4221,1
4222,2
4223,2
4224,0
4225,0
4226,1
4227,1
4228,2
4229,0
4230,1
4231,0
4232,0
4233,1
4234,2
4235,2
4236,0
4237,0
4238,0
4239,1
4240,2
4241,2
4242,0
4243,0
4244,2
4245,0
4246,1
4247,2
4248,1
4249,1
4250,2
4251,1
4252,0
4253,0
4254,1
4255,0
4256,1
4257,1
4258,0
4259,2
4260,1
4261,0
4262,1
4263,0
4264,1
4265,1
4266,1
4267,1
4268,1
4269,2
4270,0
4271,1
4272,2
4273,1
4274,0
4275,1
4276,2
4277,0
4278,0
4279,1
4280,2
4281,0
4282,1
4283,2
4284,1
4285,1
4286,1
4287,2
4288,0
4289,2
4290,0
4291,0
4292,1
4293,1
4294,1
4295,0
4296,2
4297,0
4298,2
4299,0
4300,0
4301,2
4302,1
4303,2
4304,2
4305,2
4306,2
4307,2
4308,2
4309,0
4310,1
4311,0
4312,0
4313,1
4314,1
4315,2
4316,1
4317,2
4318,0
4319,0
4320,1
4321,2
4322,0
4323,2
4324,1
4325,2
4326,2
4327,2
4328,2
4329,0
4330,1
4331,1
4332,1
4333,1
4334,0
4335,0
4336,0
4337,2
4338,2
4339,0
4340,0
4341,0
4342,0
4343,0
4344,0
4345,1
4346,2
4347,2
4348,2
4349,1
4350,2
4351,0
4352,1
4353,2
4354,0
4355,2
4356,2
4357,2
4358,1
4359,1
4360,2
4361,1
4362,1
4363,1
4364,1
4365,2
4366,2
4367,0
4368,0
4369,0
4370,2
4371,1
4372,0
4373,1
4374,1
4375,0
4376,2
4377,2
4378,0
4379,0
4380,1
4381,1
4382,2
4383,1
4384,1
4385,0
4386,1
4387,1
4388,2
4389,2
4390,2
4391,0
4392,0
4393,0
4394,2
4395,0
4396,1
4397,0
4398,1
4399,2
4400,1
4401,1
4402,1
4403,0
4404,2
4405,2
4406,2
4407,1
4408,1
4409,1
4410,0
4411,0
4412,0
4413,0
4414,1
4415,0
4416,0
4417,2
4418,2
4419,0
4420,0
4421,1
4422,2
4423,2
4424,1
4425,0
4426,2
4427,1
4428,0
4429,1
4430,1
4431,2
4432,2
4433,1
4434,2
4435,1
4436,2
4437,0
4438,0
4439,2
4440,0
4441,1
4442,0
4443,0
4444,0
4445,1
4446,1
4447,0
4448,1
4449,2
4450,2
4451,0
4452,0
4453,1
4454,1
4455,1
4456,2
4457,0
4458,1
4459,1
4460,2
4461,1
4462,0
4463,2
4464,1
4465,1
4466,2
4467,2
4468,1
4469,2
4470,1
4471,0
4472,2
4473,1
4474,0
4475,2
4476,0
4477,1
4478,2
4479,2
4480,1
4481,1
4482,1
4483,2
4484,2
4485,0
4486,2
4487,1
4488,1
4489,0
4490,1
4491,2
4492,2
4493,0
4494,0
4495,1
4496,0
4497,1
4498,0
4499,1
4500,0
4501,1
4502,2
4503,0
4504,1
4505,2
4506,1
4507,0
4508,0
4509,1
4510,0
4511,0
4512,1
4513,1
4514,1
4515,0
4516,1
4517,1
4518,1
4519,0
4520,2
4521,2
4522,1
4523,1
4524,0
4525,1
4526,2
4527,2
4528,2
4529,0
4530,1
4531,1
4532,0
4533,2
4534,0
4535,2
4536,1
4537,1
4538,2
4539,1
4540,2
4541,2
4542,2
4543,2
4544,1
4545,2
4546,2
4547,2
4548,2
4549,2
4550,0
4551,0
4552,2
4553,2
4554,0
4555,1
4556,0
4557,2
4558,2
4559,1
4560,0
4561,0
4562,2
4563,0
4564,0
4565,1
4566,0
4567,1
4568,1
4569,2
4570,2
4571,0
4572,2
4573,2
4574,0
4575,2
4576,1
4577,2
4578,1
4579,1
4580,0
4581,1
4582,0
4583,0
4584,1
4585,0
4586,2
4587,1
4588,2
4589,1
4590,1
4591,2
4592,2
4593,2
4594,1
4595,2
4596,1
4597,1
4598,1
4599,0
4600,1
4601,1
4602,2
4603,0
4604,1
4605,1
4606,0
4607,2
4608,1
4609,2
4610,1
4611,0
4612,0
4613,1
4614,2
4615,1
4616,2
4617,2
4618,0
4619,1
4620,0
4621,1
4622,2
4623,2
4624,1
4625,1
4626,2
4627,0
4628,1
4629,0
4630,1
4631,2
4632,2
4633,1
4634,0
4635,2
4636,2
4637,2
4638,1
4639,2
4640,0
4641,0
4642,0
4643,2
4644,0
4645,2
4646,2
4647,1
4648,1
4649,0
4650,0
4651,2
4652,1
4653,2
4654,2
4655,0
4656,2
4657,2
4658,0
4659,0
4660,1
4661,0
4662,2
4663,0
4664,2
4665,0
4666,1
4667,1
4668,1
4669,0
4670,2
4671,0
4672,2
4673,0
4674,2
4675,2
4676,2
4677,1
4678,2
4679,1
4680,0
4681,2
4682,0
4683,2
4684,1
4685,0
4686,2
4687,1
4688,1
4689,2
4690,2
4691,2
4692,0
4693,0
4694,0
4695,2
4696,0
4697,2
4698,0
4699,0
4700,0
4701,2
4702,1
4703,1
4704,1
4705,1
4706,0
4707,1
4708,1
4709,2
4710,2
4711,0
4712,1
4713,1
4714,2
4715,1
4716,2
4717,2
4718,0
4719,1
4720,1
4721,0
4722,0
4723,1
4724,1
4725,0
4726,1
4727,0
4728,2
4729,1
4730,2
4731,2
4732,0
4733,0
4734,1
4735,2
4736,1
4737,2
4738,1
4739,2
4740,1
4741,2
4742,1
4743,2
4744,1
4745,2
4746,1
4747,0
4748,2
4749,0
4750,2
4751,0
4752,2
4753,1
4754,2
4755,2
4756,0
4757,0
4758,2
4759,0
4760,0
4761,1
4762,0
4763,0
4764,1
4765,0
4766,2
4767,1
4768,0
4769,2
4770,2
4771,2
4772,0
4773,0
4774,2
4775,0
4776,0
4777,0
4778,0
4779,0
4780,0
4781,1
4782,1
4783,0
4784,1
4785,2
4786,1
4787,0
4788,2
4789,0
4790,0
4791,1
4792,2
4793,2
4794,2
4795,2
4796,1
4797,1
4798,0
4799,2
4800,2
4801,0
4802,0
4803,1
4804,1
4805,1
4806,2
4807,2
4808,0
4809,1
4810,2
4811,2
4812,2
4813,2
4814,1
4815,2
4816,0
4817,1
4818,1
4819,1
4820,1
4821,1
4822,0
4823,1
4824,1
4825,2
4826,2
4827,2
4828,1
4829,0
4830,0
4831,1
4832,2
4833,0
4834,1
4835,2
4836,0
4837,0
4838,0
4839,2
4840,0
4841,0
4842,2
4843,2
4844,2
4845,0
4846,1
4847,1
4848,0
4849,1
4850,1
4851,1
4852,2
4853,0
4854,1
4855,0
4856,0
4857,0
4858,2
4859,2
4860,1
4861,0
4862,2
4863,0
4864,2
4865,1
4866,1
4867,0
4868,0
4869,2
4870,0
4871,2
4872,2
4873,1
4874,2
4875,1
4876,1
4877,2
4878,1
4879,1
4880,1
4881,1
4882,1
4883,0
4884,0
4885,2
4886,1
4887,1
4888,2
4889,1
4890,2
4891,2
4892,2
4893,2
4894,1
4895,1
4896,1
4897,1
4898,1
4899,2
4900,0
4901,1
4902,2
4903,1
4904,0
4905,1
4906,2
4907,1
4908,2
4909,2
4910,2
4911,0
4912,1
4913,2
4914,0
4915,1
4916,1
4917,1
4918,1
4919,1
4920,2
4921,2
4922,2
4923,2
4924,1
4925,0
4926,2
4927,1
4928,0
4929,1
4930,0
4931,0
4932,1
4933,1
4934,2
4935,0
4936,0
4937,0
4938,2
4939,1
4940,1
4941,0
4942,1
4943,0
4944,1
4945,2
4946,2
4947,2
4948,0
4949,1
4950,0
4951,0
4952,2
4953,0
4954,2
4955,2
4956,1
4957,1
4958,0
4959,1
4960,1
4961,1
4962,0
4963,1
4964,2
4965,0
4966,0
4967,1
4968,1
4969,1
4970,0
4971,1
4972,1
4973,1
4974,2
4975,2
4976,2
4977,2
4978,1
4979,0
4980,2
4981,2
4982,1
4983,2
4984,2
4985,0
4986,1
4987,0
4988,1
4989,2
4990,0
4991,1
4992,0
4993,0
4994,1
4995,1
4996,2
4997,1
4998,0
4999,0
5000,0
5001,0
5002,1
5003,1
5004,0
5005,2
5006,1
5007,1
5008,1
5009,0
5010,1
5011,2
5012,1
5013,0
5014,0
5015,2
5016,1
5017,0
5018,2
5019,0
5020,1
5021,2
5022,2
5023,2
5024,1
5025,1
5026,2
5027,0
5028,2
5029,1
5030,1
5031,0
5032,2
5033,2
5034,0
5035,1
5036,0
5037,0
5038,1
5039,2
5040,0
5041,2
5042,0
5043,0
5044,2
5045,2
5046,2
5047,0
5048,2
5049,1
5050,0
5051,0
5052,0
5053,1
5054,0
5055,0
5056,0
5057,1
5058,1
5059,1
5060,0
5061,1
5062,2
5063,2
5064,0
5065,1
5066,0
5067,2
5068,2
5069,1
5070,0
5071,2
5072,0
5073,1
5074,2
5075,1
5076,0
5077,1
5078,1
5079,2
5080,0
5081,2
5082,1
5083,0
5084,1
5085,2
5086,0
5087,1
5088,1
5089,0
5090,2
5091,2
5092,1
5093,1
5094,0
5095,1
5096,2
5097,2
5098,0
5099,0
5100,2
5101,0
5102,1
5103,0
5104,0
5105,1
5106,0
5107,0
5108,1
5109,1
5110,1
5111,1
5112,0
5113,0
5114,2
5115,2
5116,1
5117,0
5118,1
5119,1
5120,1
5121,2
5122,2
5123,2
5124,0
5125,2
5126,2
5127,0
5128,1
5129,2
5130,1
5131,0
5132,0
5133,2
5134,1
5135,0
5136,1
5137,0
5138,2
5139,1
5140,1
5141,0
5142,1
5143,1
5144,2
5145,1
5146,2
5147,1
5148,1
5149,1
5150,0
5151,2
5152,2
5153,0
5154,2
5155,1
5156,0
5157,0
5158,2
5159,2
5160,0
5161,1
5162,2
5163,0
5164,1
5165,1
5166,0
5167,2
5168,1
5169,0
5170,1
5171,0
5172,2
5173,2
5174,1
5175,1
5176,1
5177,1
5178,1
5179,2
5180,1
5181,2
5182,2
5183,2
5184,0
5185,2
5186,1
5187,1
5188,2
5189,2
5190,0
5191,1
5192,0
5193,1
5194,2
5195,0
5196,0
5197,1
5198,1
5199,1
5200,1
5201,0
5202,1
5203,2
5204,1
5205,2
5206,0
5207,1
5208,0
5209,2
5210,1
5211,0
5212,2
5213,2
5214,2
5215,0
5216,2
5217,0
5218,0
5219,0
5220,1
5221,1
5222,1
5223,2
5224,0
5225,0
5226,1
5227,1
5228,2
5229,2
5230,2
5231,2
5232,1
5233,2
5234,1
5235,0
5236,0
5237,2
5238,1
5239,0
5240,1
5241,0
5242,2
5243,0
5244,0
5245,0
5246,1
5247,2
5248,1
5249,0
5250,2
5251,0
5252,2
5253,0
5254,1
5255,0
5256,1
5257,0
5258,1
5259,2
5260,0
5261,2
5262,2
5263,2
5264,2
5265,1
5266,0
5267,0
5268,0
5269,2
5270,2
5271,0
5272,1
5273,0
5274,0
5275,1
5276,2
5277,1
5278,0
5279,2
5280,0
5281,0
5282,0
5283,2
5284,0
5285,1
5286,0
5287,2
5288,0
5289,1
5290,0
5291,1
5292,1
5293,0
5294,2
5295,1
5296,2
5297,2
5298,0
5299,2
5300,2
5301,0
5302,1
5303,2
5304,2
5305,2
5306,0
5307,2
5308,1
5309,1
5310,2
5311,2
5312,0
5313,2
5314,2
5315,2
5316,0
5317,2
5318,0
5319,2
5320,1
5321,0
5322,1
5323,1
5324,1
5325,0
5326,2
5327,1
5328,1
5329,2
5330,1
5331,0
5332,2
5333,1
5334,0
5335,2
5336,2
5337,1
5338,0
5339,2
5340,0
5341,2
5342,1
5343,1
5344,2
5345,1
5346,2
5347,2
5348,2
5349,1
5350,1
5351,1
5352,2
5353,1
5354,1
5355,1
5356,1
5357,2
5358,1
5359,1
5360,1
5361,2
5362,2
5363,1
5364,1
5365,0
5366,0
5367,0
5368,2
5369,1
5370,2
5371,0
5372,2
5373,0
5374,0
5375,2
5376,0
5377,0
5378,2
5379,2
5380,0
5381,0
5382,2
5383,0
5384,2
5385,0
5386,1
5387,0
5388,1
5389,0
5390,0
5391,0
5392,1
5393,2
5394,0
5395,1
5396,2
5397,2
5398,1
5399,1
5400,0
5401,1
5402,2
5403,2
5404,1
5405,1
5406,0
5407,1
5408,0
5409,2
5410,2
5411,0
5412,2
5413,2
5414,1
5415,1
5416,0
5417,0
5418,2
5419,0
5420,0
5421,0
5422,2
5423,1
5424,0
5425,1
5426,1
5427,1
5428,0
5429,0
5430,1
5431,0
5432,0
5433,1
5434,1
5435,2
5436,2
5437,2
5438,0
5439,0
5440,1
5441,2
5442,0
5443,2
5444,2
5445,0
5446,2
5447,1
5448,2
5449,1
5450,2
5451,2
5452,2
5453,2
5454,1
5455,2
5456,2
5457,1
5458,1
5459,2
5460,0
5461,2
5462,0
5463,2
5464,0
5465,2
5466,1
5467,1
5468,1
5469,0
5470,1
5471,0
5472,0
5473,1
5474,0
5475,0
5476,0
5477,1
5478,2
5479,1
5480,2
5481,2
5482,1
5483,1
5484,1
5485,2
5486,1
5487,2
5488,2
5489,0
5490,1
5491,1
5492,2
5493,1
5494,1
5495,1
5496,1
5497,1
5498,0
5499,2
5500,0
5501,2
5502,2
5503,2
5504,0
5505,0
5506,1
5507,0
5508,2
5509,0
5510,2
5511,0
5512,0
5513,0
5514,1
5515,0
5516,2
5517,0
5518,2
5519,2
5520,2
5521,2
5522,1
5523,1
5524,0
5525,1
5526,2
5527,0
5528,1
5529,1
5530,2
5531,2
5532,1
5533,1
5534,2
5535,1
5536,1
5537,1
5538,0
5539,0
5540,1
5541,0
5542,1
5543,2
5544,2
5545,1
5546,0
5547,2
5548,1
5549,1
5550,0
5551,2
5552,1
5553,1
5554,1
5555,1
5556,0
5557,1
5558,1
5559,2
5560,1
5561,2
5562,1
5563,1
5564,0
5565,0
5566,0
5567,2
5568,2
5569,2
5570,1
5571,1
5572,1
5573,0
5574,2
5575,2
5576,2
5577,1
5578,1
5579,2
5580,0
5581,0
5582,2
5583,1
5584,1
5585,1
5586,2
5587,1
5588,1
5589,0
5590,2
5591,2
5592,2
5593,0
5594,1
5595,0
5596,2
5597,2
5598,1
5599,1
5600,2
5601,2
5602,2
5603,2
5604,2
5605,1
5606,1
5607,1
5608,1
5609,2
5610,1
5611,1
5612,1
5613,0
5614,1
5615,2
5616,1
5617,0
5618,2
5619,2
5620,0
5621,2
5622,1
5623,2
5624,0
5625,1
5626,1
5627,2
5628,0
5629,2
5630,1
5631,0
5632,1
5633,1
5634,2
5635,1
5636,0
5637,2
5638,1
5639,1
5640,1
5641,1
5642,2
5643,0
5644,0
5645,1
5646,2
5647,2
5648,2
5649,2
5650,0
5651,2
5652,1
5653,2
5654,1
5655,0
5656,1
5657,1
5658,0
5659,1
5660,0
5661,2
5662,2
5663,2
5664,2
5665,2
5666,0
5667,2
5668,0
5669,0
5670,1
5671,0
5672,0
5673,2
5674,1
5675,0
5676,1
5677,1
5678,2
5679,2
5680,2
5681,2
5682,1
5683,0
5684,1
5685,0
5686,2
5687,2
5688,2
5689,2
5690,2
5691,0
5692,0
5693,1
5694,0
5695,2
5696,1
5697,2
5698,0
5699,0
5700,2
5701,0
5702,1
5703,1
5704,2
5705,0
5706,0
5707,2
5708,2
5709,0
5710,2
5711,0
5712,0
5713,1
5714,0
5715,1
5716,0
5717,1
5718,1
5719,2
5720,2
5721,2
5722,1
5723,1
5724,1
5725,1
5726,2
5727,0
5728,1
5729,1
5730,2
5731,1
5732,2
5733,0
5734,2
5735,1
5736,1
5737,2
5738,1
5739,1
5740,0
5741,2
5742,1
5743,1
5744,2
5745,1
5746,1
5747,2
5748,1
5749,0
5750,2
5751,2
5752,1
5753,0
5754,2
5755,1
5756,1
5757,0
5758,0
5759,0
5760,1
5761,0
5762,0
5763,1
5764,0
5765,1
5766,2
5767,2
5768,0
5769,1
5770,0
5771,2
5772,1
5773,2
5774,1
5775,1
5776,0
5777,0
5778,2
5779,2
5780,1
5781,0
5782,2
5783,1
5784,0
5785,2
5786,0
5787,1
5788,0
5789,0
5790,1
5791,0
5792,0
5793,0
5794,0
5795,1
5796,2
5797,0
5798,0
5799,2
5800,1
5801,2
5802,1
5803,2
5804,0
5805,0
5806,0
5807,1
5808,0
5809,1
5810,2
5811,1
5812,1
5813,2
5814,2
5815,0
5816,0
5817,0
5818,2
5819,2
5820,2
5821,1
5822,2
5823,1
5824,1
5825,1
5826,2
5827,1
5828,0
5829,1
5830,0
5831,1
5832,1
5833,2
5834,0
5835,2
5836,2
5837,2
5838,1
5839,2
5840,2
5841,0
5842,1
5843,2
5844,0
5845,0
5846,0
5847,2
5848,0
5849,0
5850,2
5851,0
5852,1
5853,1
5854,1
5855,1
5856,1
5857,2
5858,1
5859,2
5860,0
5861,2
5862,1
5863,0
5864,2
5865,1
5866,0
5867,1
5868,2
5869,2
5870,2
5871,1
5872,0
5873,1
5874,2
5875,0
5876,2
5877,2
5878,2
5879,2
5880,1
5881,0
5882,1
5883,0
5884,2
5885,2
5886,0
5887,1
5888,2
5889,2
5890,1
5891,1
5892,0
5893,0
5894,2
5895,1
5896,0
5897,0
5898,1
5899,2
5900,2
5901,2
5902,0
5903,1
5904,1
5905,2
5906,2
5907,0
5908,2
5909,2
5910,0
5911,2
5912,1
5913,2
5914,1
5915,1
5916,1
5917,1
5918,0
5919,2
5920,0
5921,2
5922,2
5923,2
5924,1
5925,2
5926,2
5927,1
5928,2
5929,0
5930,0
5931,0
5932,2
5933,0
5934,0
5935,1
5936,1
5937,0
5938,2
5939,0
5940,1
5941,2
5942,0
5943,1
5944,0
5945,2
5946,2
5947,1
5948,2
5949,0
5950,1
5951,1
5952,1
5953,1
5954,0
5955,1
5956,1
5957,1
5958,1
5959,0
5960,0
5961,0
5962,1
5963,2
5964,1
5965,0
5966,0
5967,1
5968,2
5969,1
5970,1
5971,0
5972,1
5973,0
5974,1
5975,2
5976,2
5977,1
5978,2
5979,2
5980,0
5981,2
5982,2
5983,2
5984,2
5985,2
5986,1
5987,0
5988,2
5989,1
5990,1
5991,1
5992,0
5993,0
5994,0
5995,0
5996,1
5997,1
5998,1
5999,0
6000,2
6001,2
6002,1
6003,1
6004,1
6005,1
6006,0
6007,0
6008,1
6009,2
6010,2
6011,1
6012,2
6013,2
6014,1
6015,1
6016,0
6017,2
6018,0
6019,1
6020,2
6021,1
6022,1
6023,1
6024,1
6025,1
6026,1
6027,2
6028,1
6029,0
6030,0
6031,2
6032,0
6033,2
6034,0
6035,1
6036,0
6037,2
6038,0
6039,2
6040,2
6041,0
6042,2
6043,0
6044,2
6045,1
6046,0
6047,0
6048,0
6049,1
6050,1
6051,0
6052,2
6053,1
6054,2
6055,0
6056,1
6057,1
6058,1
6059,1
6060,1
6061,0
6062,0
6063,2
6064,0
6065,2
6066,0
6067,0
6068,0
6069,1
6070,2
6071,2
6072,2
6073,1
6074,1
6075,2
6076,1
6077,2
6078,0
6079,2
6080,0
6081,0
6082,2
6083,1
6084,0
6085,2
6086,1
6087,0
6088,2
6089,0
6090,2
6091,1
6092,1
6093,1
6094,2
6095,1
6096,0
6097,1
6098,2
6099,1
6100,0
6101,1
6102,2
6103,2
6104,0
6105,2
6106,1
6107,2
6108,0
6109,2
6110,1
6111,1
6112,0
6113,0
6114,2
6115,2
6116,0
6117,1
6118,2
6119,1
6120,1
6121,0
6122,2
6123,1
6124,2
6125,0
6126,0
6127,0
6128,1
6129,1
6130,2
6131,2
6132,0
6133,1
6134,2
6135,2
6136,1
6137,2
6138,0
6139,2
6140,2
6141,0
6142,0
6143,1
6144,2
6145,1
6146,2
6147,0
6148,1
6149,0
6150,2
6151,0
6152,2
6153,2
6154,1
6155,0
6156,1
6157,2
6158,2
6159,2
6160,1
6161,1
6162,2
6163,1
6164,0
6165,1
6166,2
6167,0
6168,2
6169,0
6170,1
6171,1
6172,1
6173,1
6174,1
6175,1
6176,2
6177,0
6178,2
6179,0
6180,2
6181,1
6182,2
6183,0
6184,2
6185,0
6186,0
6187,0
6188,2
6189,2
6190,1
6191,1
6192,2
6193,1
6194,0
6195,1
6196,1
6197,2
6198,0
6199,0
6200,1
6201,0
6202,1
6203,1
6204,2
6205,1
6206,2
6207,2
6208,1
6209,1
6210,0
6211,1
6212,1
6213,2
6214,2
6215,1
6216,0
6217,1
6218,2
6219,0
6220,2
6221,2
6222,0
6223,1
6224,0
6225,1
6226,0
6227,0
6228,0
6229,0
6230,0
6231,0
6232,1
6233,2
6234,2
6235,1
6236,1
6237,1
6238,1
6239,1
6240,1
6241,2
6242,2
6243,0
6244,2
6245,1
6246,1
6247,1
6248,2
6249,2
6250,2
6251,1
6252,0
6253,0
6254,1
6255,1
6256,2
6257,2
6258,0
6259,0
6260,0
6261,2
6262,0
6263,2
6264,0
6265,1
6266,0
6267,2
6268,2
6269,2
6270,1
6271,2
6272,0
6273,0
6274,0
6275,0
6276,1
6277,1
6278,1
6279,1
6280,1
6281,1
6282,1
6283,0
6284,2
6285,2
6286,2
6287,0
6288,0
6289,0
6290,1
6291,2
6292,2
6293,1
6294,1
6295,0
6296,2
6297,2
6298,2
6299,1
6300,0
6301,1
6302,2
6303,2
6304,0
6305,2
6306,1
6307,2
6308,2
6309,0
6310,1
6311,1
6312,1
6313,2
6314,0
6315,0
6316,1
6317,2
6318,1
6319,0
6320,2
6321,2
6322,0
6323,1
6324,2
6325,2
6326,0
6327,2
6328,2
6329,1
6330,0
6331,0
6332,2
6333,2
6334,1
6335,2
6336,2
6337,2
6338,2
6339,2
6340,2
6341,2
6342,0
6343,2
6344,2
6345,0
6346,2
6347,2
6348,1
6349,2
6350,1
6351,2
6352,2
6353,0
6354,1
6355,0
6356,0
6357,2
6358,2
6359,0
6360,1
6361,0
6362,2
6363,1
6364,1
6365,0
6366,0
6367,1
6368,1
6369,2
6370,2
6371,1
6372,0
6373,0
6374,2
6375,2
6376,2
6377,2
6378,2
6379,0
6380,0
6381,0
6382,2
6383,1
6384,0
6385,0
6386,0
6387,2
6388,0
6389,0
6390,1
6391,0
6392,2
6393,2
6394,1
6395,0
6396,2
6397,0
6398,2
6399,1
6400,2
6401,2
6402,2
6403,0
6404,0
6405,1
6406,0
6407,2
6408,2
6409,1
6410,1
6411,1
6412,0
6413,0
6414,0
6415,1
6416,0
6417,0
6418,2
6419,0
6420,0
6421,2
6422,0
6423,1
6424,1
6425,0
6426,1
6427,0
6428,1
6429,2
6430,2
6431,1
6432,1
6433,2
6434,2
6435,1
6436,1
6437,1
6438,2
6439,1
6440,0
6441,2
6442,1
6443,1
6444,1
6445,1
6446,0
6447,1
6448,1
6449,2
6450,0
6451,0
6452,1
6453,0
6454,1
6455,2
6456,1
6457,2
6458,2
6459,1
6460,0
6461,1
6462,1
6463,0
6464,2
6465,1
6466,2
6467,0
6468,0
6469,0
6470,1
6471,0
6472,1
6473,1
6474,0
6475,1
6476,2
6477,1
6478,2
6479,1
6480,2
6481,2
6482,1
6483,2
6484,2
6485,0
6486,2
6487,1
6488,2
6489,1
6490,0
6491,0
6492,2
6493,2
6494,0
6495,0
6496,1
6497,0
6498,0
6499,2
6500,0
6501,2
6502,1
6503,1
6504,0
6505,2
6506,0
6507,0
6508,0
6509,2
6510,2
6511,0
6512,1
6513,2
6514,0
6515,2
6516,2
6517,0
6518,0
6519,2
6520,0
6521,0
6522,0
6523,2
6524,0
6525,2
6526,0
6527,0
6528,2
6529,1
6530,1
6531,1
6532,0
6533,1
6534,2
6535,1
6536,0
6537,2
6538,1
6539,0
6540,1
6541,2
6542,0
6543,1
6544,1
6545,0
6546,1
6547,1
6548,0
6549,0
6550,0
6551,1
6552,0
6553,0
6554,1
6555,1
6556,2
6557,2
6558,2
6559,2
6560,2
6561,2
6562,0
6563,1
6564,2
6565,1
6566,1
6567,1
6568,2
6569,2
6570,1
6571,2
6572,1
6573,0
6574,0
6575,1
6576,1
6577,2
6578,2
6579,1
6580,2
6581,1
6582,0
6583,2
6584,1
6585,0
6586,1
6587,1
6588,0
6589,1
6590,1
6591,0
6592,1
6593,0
6594,2
6595,2
6596,1
6597,2
6598,0
6599,2
6600,1
6601,0
6602,1
6603,2
6604,2
6605,1
6606,2
6607,1
6608,0
6609,0
6610,2
6611,2
6612,1
6613,2
6614,1
6615,2
6616,2
6617,2
6618,0
6619,1
6620,1
6621,1
6622,0
6623,0
6624,1
6625,0
6626,1
6627,2
6628,1
6629,2
6630,1
6631,1
6632,0
6633,2
6634,0
6635,1
6636,2
6637,1
6638,1
6639,1
6640,1
6641,0
6642,0
6643,2
6644,1
6645,2
6646,2
6647,0
6648,1
6649,0
6650,1
6651,2
6652,2
6653,1
6654,2
6655,0
6656,1
6657,1
6658,2
6659,1
6660,2
6661,2
6662,2
6663,0
6664,2
6665,0
6666,1
6667,0
6668,0
6669,2
6670,2
6671,1
6672,0
6673,2
6674,0
6675,0
6676,2
6677,2
6678,1
6679,0
6680,1
6681,0
6682,2
6683,1
6684,2
6685,0
6686,0
6687,1
6688,2
6689,1
6690,2
6691,2
6692,0
6693,2
6694,0
6695,1
6696,2
6697,2
6698,1
6699,1
6700,0
6701,2
6702,2
6703,1
6704,2
6705,2
6706,0
6707,0
6708,2
6709,1
6710,0
6711,2
6712,1
6713,1
6714,1
6715,2
6716,2
6717,1
6718,0
6719,1
6720,2
6721,1
6722,2
6723,1
6724,0
6725,1
6726,2
6727,1
6728,2
6729,2
6730,0
6731,2
6732,0
6733,2
6734,1
6735,2
6736,1
6737,0
6738,2
6739,2
6740,2
6741,1
6742,1
6743,1
6744,1
6745,2
6746,1
6747,2
6748,1
6749,1
6750,2
6751,1
6752,0
6753,1
6754,0
6755,1
6756,2
6757,1
6758,1
6759,2
6760,1
6761,2
6762,1
6763,2
6764,1
6765,1
6766,1
6767,1
6768,1
6769,0
6770,2
6771,1
6772,1
6773,2
6774,1
6775,2
6776,2
6777,1
6778,2
6779,0
6780,0
6781,0
6782,0
6783,1
6784,0
6785,0
6786,0
6787,1
6788,2
6789,2
6790,0
6791,2
6792,1
6793,0
6794,1
6795,0
6796,1
6797,2
6798,1
6799,2
6800,0
6801,1
6802,0
6803,0
6804,2
6805,0
6806,1
6807,1
6808,2
6809,0
6810,1
6811,2
6812,2
6813,0
6814,1
6815,2
6816,0
6817,0
6818,0
6819,2
6820,2
6821,2
6822,1
6823,1
6824,1
6825,0
6826,0
6827,2
6828,2
6829,0
6830,1
6831,0
6832,1
6833,1
6834,1
6835,0
6836,0
6837,2
6838,0
6839,0
6840,1
6841,2
6842,2
6843,1
6844,2
6845,0
6846,2
6847,1
6848,0
6849,0
6850,1
6851,0
6852,0
6853,1
6854,2
6855,1
6856,1
6857,1
6858,0
6859,0
6860,1
6861,2
6862,1
6863,0
6864,0
6865,0
6866,2
6867,2
6868,2
6869,2
6870,1
6871,1
6872,2
6873,2
6874,1
6875,2
6876,1
6877,1
6878,2
6879,1
6880,1
6881,1
6882,0
6883,0
6884,2
6885,2
6886,0
6887,1
6888,1
6889,2
6890,0
6891,2
6892,2
6893,1
6894,0
6895,2
6896,0
6897,1
6898,0
6899,0
6900,0
6901,2
6902,0
6903,0
6904,0
6905,0
6906,2
6907,0
6908,2
6909,2
6910,0
6911,0
6912,0
6913,0
6914,1
6915,0
6916,2
6917,2
6918,0
6919,2
6920,2
6921,1
6922,1
6923,2
6924,1
6925,0
6926,2
6927,2
6928,0
6929,1
6930,2
6931,2
6932,0
6933,2
6934,2
6935,0
6936,1
6937,2
6938,0
6939,2
6940,1
6941,1
6942,1
6943,0
6944,2
6945,0
6946,1
6947,2
6948,0
6949,0
6950,1
6951,1
6952,1
6953,0
6954,2
6955,1
6956,2
6957,1
6958,1
6959,0
6960,0
6961,2
6962,0
6963,0
6964,0
6965,0
6966,2
6967,2
6968,0
6969,2
6970,1
6971,0
6972,1
6973,2
6974,0
6975,1
6976,0
6977,1
6978,1
6979,1
6980,2
6981,2
6982,1
6983,1
6984,1
6985,2
6986,0
6987,1
6988,1
6989,2
6990,2
6991,2
6992,0
6993,2
6994,2
6995,1
6996,0
6997,2
6998,1
6999,0
7000,0
7001,1
7002,1
7003,1
7004,2
7005,2
7006,2
7007,1
7008,2
7009,1
7010,2
7011,2
7012,0
7013,0
7014,1
7015,0
7016,0
7017,0
7018,0
7019,2
7020,1
7021,1
7022,0
7023,2
7024,2
7025,1
7026,1
7027,0
7028,1
7029,2
7030,1
7031,2
7032,2
7033,2
7034,1
7035,1
7036,1
7037,0
7038,0
7039,1
7040,1
7041,2
7042,2
7043,2
7044,2
7045,2
7046,2
7047,2
7048,1
7049,2
7050,1
7051,1
7052,2
7053,0
7054,0
7055,0
7056,1
7057,1
7058,1
7059,1
7060,0
7061,1
7062,1
7063,2
7064,1
7065,0
7066,0
7067,0
7068,2
7069,1
7070,1
7071,1
7072,1
7073,1
7074,2
7075,1
7076,1
7077,0
7078,2
7079,1
7080,0
7081,0
7082,0
7083,0
7084,0
7085,1
7086,2
7087,0
7088,0
7089,0
7090,2
7091,0
7092,0
7093,0
7094,1
7095,2
7096,1
7097,0
7098,2
7099,0
7100,2
7101,2
7102,1
7103,2
7104,0
7105,1
7106,0
7107,1
7108,2
7109,2
7110,1
7111,0
7112,0
7113,1
7114,2
7115,1
7116,1
7117,1
7118,1
7119,1
7120,0
7121,1
7122,1
7123,1
7124,0
7125,1
7126,2
7127,0
7128,2
7129,2
7130,2
7131,0
7132,2
7133,2
7134,1
7135,1
7136,1
7137,1
7138,1
7139,2
7140,0
7141,2
7142,2
7143,0
7144,2
7145,2
7146,1
7147,1
7148,0
7149,0
7150,0
7151,2
7152,2
7153,1
7154,1
7155,2
7156,2
7157,2
7158,0
7159,2
7160,2
7161,1
7162,0
7163,2
7164,0
7165,0
7166,0
7167,0
7168,2
7169,0
7170,1
7171,2
7172,1
7173,2
7174,0
7175,1
7176,1
7177,1
7178,1
7179,2
7180,2
7181,2
7182,1
7183,2
7184,1
7185,2
7186,2
7187,2
7188,2
7189,0
7190,1
7191,1
7192,1
7193,0
7194,0
7195,2
7196,2
7197,0
7198,2
7199,2
7200,0
7201,2
7202,0
7203,1
7204,1
7205,0
7206,2
7207,0
7208,0
7209,0
7210,0
7211,1
7212,2
7213,2
7214,1
7215,2
7216,2
7217,2
7218,1
7219,0
7220,1
7221,2
7222,1
7223,0
7224,1
7225,2
7226,2
7227,2
7228,2
7229,0
7230,0
7231,0
7232,0
7233,0
7234,2
7235,1
7236,1
7237,2
7238,2
7239,1
7240,0
7241,2
7242,1
7243,1
7244,2
7245,2
7246,1
7247,1
7248,0
7249,0
7250,2
7251,0
7252,0
7253,2
7254,0
7255,2
7256,0
7257,1
7258,2
7259,2
7260,1
7261,0
7262,0
7263,2
7264,1
7265,2
7266,2
7267,1
7268,0
7269,0
7270,1
7271,2
7272,0
7273,0
7274,1
7275,1
7276,2
7277,0
7278,2
7279,2
7280,2
7281,2
7282,1
7283,0
7284,2
7285,0
7286,1
7287,0
7288,2
7289,1
7290,1
7291,2
7292,1
7293,1
7294,1
7295,2
7296,1
7297,0
7298,0
7299,2
7300,1
7301,2
7302,2
7303,0
7304,2
7305,0
7306,2
7307,2
7308,2
7309,0
7310,2
7311,0
7312,2
7313,2
7314,1
7315,0
7316,2
7317,2
7318,2
7319,2
7320,0
7321,2
7322,1
7323,2
7324,1
7325,1
7326,0
7327,1
7328,0
7329,0
7330,2
7331,0
7332,1
7333,2
7334,2
7335,2
7336,0
7337,2
7338,0
7339,1
7340,1
7341,0
7342,1
7343,0
7344,0
7345,2
7346,2
7347,0
7348,2
7349,1
7350,1
7351,0
7352,1
7353,2
7354,2
7355,1
7356,2
7357,2
7358,0
7359,0
7360,2
7361,1
7362,2
7363,2
7364,2
7365,2
7366,1
7367,0
7368,0
7369,2
7370,0
7371,2
7372,1
7373,2
7374,0
7375,1
7376,1
7377,2
7378,0
7379,1
7380,1
7381,2
7382,0
7383,2
7384,1
7385,0
7386,0
7387,0
7388,1
7389,2
7390,0
7391,2
7392,0
7393,0
7394,1
7395,0
7396,2
7397,2
7398,2
7399,0
7400,0
7401,2
7402,0
7403,1
7404,2
7405,0
7406,2
7407,0
7408,0
7409,0
7410,2
7411,1
7412,1
7413,0
7414,0
7415,0
7416,0
7417,2
7418,2
7419,2
7420,0
7421,1
7422,2
7423,0
7424,1
7425,1
7426,2
7427,0
7428,2
7429,1
7430,2
7431,2
7432,1
7433,2
7434,1
7435,1
7436,0
7437,1
7438,0
7439,0
7440,0
7441,1
7442,0
7443,1
7444,2
7445,2
7446,0
7447,2
7448,2
7449,1
7450,2
7451,0
7452,0
7453,1
7454,0
7455,2
7456,0
7457,0
7458,2
7459,2
7460,2
7461,1
7462,1
7463,2
7464,0
7465,2
7466,0
7467,2
7468,2
7469,1
7470,1
7471,1
7472,1
7473,2
7474,0
7475,1
7476,0
7477,1
7478,2
7479,2
7480,0
7481,1
7482,0
7483,1
7484,2
7485,2
7486,0
7487,1
7488,1
7489,1
7490,2
7491,2
7492,0
7493,0
7494,1
7495,2
7496,1
7497,2
7498,2
7499,1
7500,1
7501,2
7502,0
7503,0
7504,2
7505,2
7506,2
7507,2
7508,2
7509,2
7510,1
7511,1
7512,0
7513,1
7514,1
7515,2
7516,2
7517,1
7518,2
7519,1
7520,0
7521,1
7522,2
7523,0
7524,2
7525,0
7526,1
7527,2
7528,0
7529,1
7530,1
7531,1
7532,1
7533,1
7534,2
7535,0
7536,0
7537,0
7538,0
7539,1
7540,2
7541,0
7542,2
7543,0
7544,1
7545,0
7546,1
7547,2
7548,2
7549,1
7550,2
7551,1
7552,1
7553,1
7554,2
7555,2
7556,2
7557,1
7558,1
7559,1
7560,1
7561,1
7562,2
7563,0
7564,2
7565,2
7566,0
7567,2
7568,0
7569,0
7570,2
7571,0
7572,1
7573,0
7574,2
7575,1
7576,0
7577,0
7578,0
7579,1
7580,1
7581,2
7582,2
7583,0
7584,0
7585,2
7586,1
7587,1
7588,1
7589,0
7590,1
7591,2
7592,1
7593,0
7594,2
7595,1
7596,0
7597,1
7598,1
7599,2
7600,2
7601,0
7602,0
7603,2
7604,0
7605,0
7606,2
7607,1
7608,2
7609,1
7610,0
7611,1
7612,1
7613,1
7614,2
7615,0
7616,1
7617,0
7618,0
7619,2
7620,0
7621,1
7622,2
7623,0
7624,1
7625,0
7626,0
7627,0
7628,0
7629,2
7630,0
7631,1
7632,2
7633,2
7634,2
7635,0
7636,1
7637,2
7638,1
7639,2
7640,0
7641,2
7642,0
7643,0
7644,1
7645,1
7646,1
7647,1
7648,0
7649,2
7650,1
7651,1
7652,1
7653,2
7654,2
7655,0
7656,2
7657,0
7658,0
7659,2
7660,1
7661,1
7662,0
7663,2
7664,0
7665,2
7666,1
7667,2
7668,1
7669,1
7670,1
7671,0
7672,0
7673,2
7674,0
7675,2
7676,1
7677,0
7678,1
7679,1
7680,1
7681,0
7682,2
7683,2
7684,2
7685,2
7686,0
7687,0
7688,1
7689,1
7690,2
7691,1
7692,2
7693,1
7694,1
7695,0
7696,2
7697,2
7698,1
7699,2
7700,1
7701,2
7702,1
7703,0
7704,0
7705,0
7706,1
7707,2
7708,0
7709,2
7710,1
7711,1
7712,1
7713,1
7714,0
7715,2
7716,2
7717,0
7718,2
7719,2
7720,1
7721,1
7722,2
7723,2
7724,2
7725,1
7726,2
7727,1
7728,2
7729,0
7730,1
7731,1
7732,2
7733,0
7734,0
7735,0
7736,1
7737,1
7738,0
7739,2
7740,1
7741,0
7742,1
7743,1
7744,2
7745,1
7746,1
7747,0
7748,0
7749,0
7750,1
7751,0
7752,2
7753,0
7754,1
7755,1
7756,1
7757,1
7758,2
7759,0
7760,0
7761,2
7762,2
7763,1
7764,0
7765,0
7766,1
7767,2
7768,2
7769,2
7770,1
7771,0
7772,0
7773,2
7774,2
7775,2
7776,2
7777,2
7778,1
7779,2
7780,1
7781,2
7782,1
7783,2
7784,1
7785,2
7786,1
7787,2
7788,1
7789,0
7790,2
7791,0
7792,0
7793,2
7794,2
7795,0
7796,2
7797,1
7798,1
7799,2
7800,1
7801,1
7802,0
7803,1
7804,2
7805,1
7806,2
7807,0
7808,1
7809,0
7810,0
7811,2
7812,0
7813,2
7814,0
7815,2
7816,0
7817,0
7818,1
7819,2
7820,0
7821,0
7822,1
7823,1
7824,0
7825,1
7826,1
7827,2
7828,2
7829,2
7830,2
7831,0
7832,0
7833,1
7834,0
7835,1
7836,2
7837,2
7838,2
7839,2
7840,1
7841,1
7842,2
7843,1
7844,2
7845,1
7846,0
7847,2
7848,1
7849,2
7850,2
7851,1
7852,2
7853,1
7854,0
7855,2
7856,2
7857,1
7858,1
7859,1
7860,1
7861,0
7862,2
7863,1
7864,2
7865,2
7866,0
7867,1
7868,1
7869,2
7870,0
7871,2
7872,0
7873,2
7874,1
7875,1
7876,1
7877,2
7878,2
7879,2
7880,1
7881,1
7882,1
7883,1
7884,1
7885,2
7886,2
7887,1
7888,1
7889,0
7890,1
7891,1
7892,2
7893,2
7894,0
7895,2
7896,2
7897,2
7898,1
7899,0
7900,2
7901,1
7902,0
7903,2
7904,2
7905,2
7906,0
7907,0
7908,1
7909,0
7910,2
7911,1
7912,2
7913,0
7914,2
7915,1
7916,1
7917,0
7918,1
7919,1
7920,0
7921,1
7922,0
7923,1
7924,1
7925,1
7926,0
7927,2
7928,1
7929,1
7930,2
7931,1
7932,2
7933,2
7934,2
7935,2
7936,0
7937,2
7938,2
7939,1
7940,1
7941,1
7942,1
7943,0
7944,1
7945,2
7946,1
7947,0
7948,1
7949,2
7950,2
7951,2
7952,0
7953,2
7954,1
7955,1
7956,1
7957,2
7958,2
7959,2
7960,0
7961,0
7962,2
7963,2
7964,2
7965,0
7966,2
7967,2
7968,0
7969,2
7970,2
7971,0
7972,2
7973,0
7974,1
7975,0
7976,1
7977,1
7978,1
7979,2
7980,2
7981,1
7982,0
7983,1
7984,0
7985,2
7986,1
7987,2
7988,0
7989,1
7990,2
7991,2
7992,2
7993,2
7994,0
7995,0
7996,1
7997,2
7998,2
7999,2
8000,2
8001,2
8002,0
8003,0
8004,2
8005,1
8006,0
8007,1
8008,2
8009,2
8010,0
8011,1
8012,1
8013,0
8014,1
8015,2
8016,1
8017,0
8018,0
8019,2
8020,0
8021,1
8022,2
8023,0
8024,0
8025,2
8026,2
8027,0
8028,2
8029,2
8030,1
8031,2
8032,2
8033,0
8034,2
8035,2
8036,2
8037,2
8038,0
8039,2
8040,2
8041,0
8042,2
8043,2
8044,1
8045,2
8046,0
8047,2
8048,2
8049,1
8050,0
8051,1
8052,1
8053,2
8054,0
8055,2
8056,1
8057,1
8058,1
8059,2
8060,0
8061,0
8062,1
8063,1
8064,1
8065,2
8066,1
8067,2
8068,0
8069,0
8070,2
8071,0
8072,1
8073,0
8074,1
8075,1
8076,0
8077,1
8078,1
8079,2
8080,0
8081,2
8082,2
8083,2
8084,1
8085,0
8086,1
8087,1
8088,2
8089,0
8090,0
8091,1
8092,0
8093,1
8094,2
8095,0
8096,0
8097,0
8098,2
8099,2
8100,2
8101,1
8102,0
8103,0
8104,1
8105,0
8106,0
8107,2
8108,2
8109,0
8110,2
8111,0
8112,1
8113,0
8114,2
8115,0
8116,1
8117,2
8118,0
8119,1
8120,2
8121,0
8122,2
8123,0
8124,2
8125,1
8126,1
8127,2
8128,1
8129,2
8130,1
8131,0
8132,2
8133,2
8134,1
8135,2
8136,2
8137,1
8138,2
8139,0
8140,0
8141,1
8142,2
8143,1
8144,1
8145,2
8146,2
8147,1
8148,1
8149,0
8150,1
8151,2
8152,1
8153,1
8154,2
8155,0
8156,0
8157,1
8158,1
8159,1
8160,2
8161,1
8162,2
8163,0
8164,2
8165,2
8166,1
8167,1
8168,1
8169,2
8170,0
8171,2
8172,1
8173,0
8174,1
8175,2
8176,1
8177,2
8178,2
8179,2
8180,2
8181,1
8182,2
8183,2
8184,2
8185,1
8186,2
8187,1
8188,1
8189,0
8190,0
8191,1
8192,2
8193,0
8194,1
8195,1
8196,2
8197,2
8198,1
8199,1
8200,2
8201,1
8202,0
8203,0
8204,2
8205,1
8206,0
8207,2
8208,0
8209,2
8210,1
8211,2
8212,2
8213,0
8214,2
8215,0
8216,0
8217,1
8218,2
8219,1
8220,1
8221,1
8222,0
8223,1
8224,1
8225,2
8226,0
8227,0
8228,1
8229,1
8230,1
8231,1
8232,1
8233,1
8234,1
8235,1
8236,0
8237,0
8238,2
8239,1
8240,1
8241,1
8242,2
8243,2
8244,1
8245,1
8246,0
8247,0
8248,1
8249,0
8250,1
8251,2
8252,2
8253,1
8254,2
8255,1
8256,2
8257,1
8258,2
8259,0
8260,1
8261,0
8262,1
8263,0
8264,1
8265,1
8266,1
8267,0
8268,2
8269,1
8270,2
8271,1
8272,1
8273,1
8274,2
8275,0
8276,1
8277,0
8278,1
8279,2
8280,0
8281,0
8282,2
8283,0
8284,2
8285,0
8286,2
8287,0
8288,1
8289,2
8290,0
8291,2
8292,1
8293,1
8294,0
8295,2
8296,0
8297,1
8298,2
8299,2
8300,1
8301,0
8302,1
8303,0
8304,2
8305,1
8306,1
8307,1
8308,2
8309,2
8310,0
8311,0
8312,0
8313,1
8314,0
8315,1
8316,0
8317,0
8318,0
8319,2
8320,2
8321,2
8322,0
8323,0
8324,0
8325,1
8326,2
8327,1
8328,1
8329,2
8330,2
8331,1
8332,2
8333,1
8334,2
8335,2
8336,1
8337,1
8338,1
8339,2
8340,2
8341,0
8342,1
8343,1
8344,1
8345,2
8346,0
8347,1
8348,0
8349,0
8350,1
8351,1
8352,0
8353,2
8354,1
8355,2
8356,1
8357,2
8358,1
8359,0
8360,1
8361,1
8362,1
8363,2
8364,2
8365,2
8366,1
8367,1
8368,1
8369,2
8370,1
8371,2
8372,1
8373,0
8374,2
8375,0
8376,0
8377,2
8378,1
8379,0
8380,2
8381,0
8382,0
8383,2
8384,1
8385,1
8386,1
8387,0
8388,0
8389,0
8390,0
8391,1
8392,0
8393,2
8394,2
8395,0
8396,2
8397,1
8398,0
8399,0
8400,0
8401,1
8402,1
8403,1
8404,2
8405,1
8406,2
8407,0
8408,1
8409,2
8410,1
8411,1
8412,1
8413,1
8414,2
8415,0
8416,0
8417,2
8418,0
8419,1
8420,1
8421,2
8422,2
8423,2
8424,0
8425,0
8426,2
8427,1
8428,2
8429,2
8430,0
8431,1
8432,2
8433,2
8434,1
8435,0
8436,2
8437,0
8438,0
8439,0
8440,1
8441,0
8442,2
8443,1
8444,1
8445,0
8446,0
8447,0
8448,0
8449,0
8450,0
8451,0
8452,2
8453,0
8454,2
8455,1
8456,1
8457,2
8458,2
8459,2
8460,2
8461,0
8462,2
8463,1
8464,2
8465,1
8466,0
8467,1
8468,2
8469,2
8470,1
8471,0
8472,2
8473,1
8474,1
8475,0
8476,0
8477,2
8478,2
8479,2
8480,0
8481,2
8482,1
8483,1
8484,2
8485,1
8486,1
8487,1
8488,0
8489,0
8490,1
8491,0
8492,1
8493,0
8494,0
8495,1
8496,1
8497,2
8498,2
8499,0
8500,2
8501,1
8502,1
8503,1
8504,0
8505,2
8506,0
8507,2
8508,1
8509,0
8510,0
8511,2
8512,0
8513,0
8514,0
8515,0
8516,2
8517,1
8518,2
8519,0
8520,2
8521,0
8522,1
8523,0
8524,1
8525,0
8526,1
8527,1
8528,1
8529,0
8530,1
8531,0
8532,1
8533,1
8534,2
8535,2
8536,1
8537,0
8538,1
8539,2
8540,1
8541,2
8542,1
8543,0
8544,0
8545,2
8546,1
8547,2
8548,2
8549,2
8550,1
8551,1
8552,0
8553,0
8554,2
8555,2
8556,1
8557,2
8558,1
8559,2
8560,2
8561,0
8562,2
8563,0
8564,0
8565,0
8566,2
8567,0
8568,2
8569,2
8570,0
8571,0
8572,1
8573,2
8574,2
8575,1
8576,1
8577,2
8578,1
8579,2
8580,1
8581,0
8582,0
8583,2
8584,0
8585,1
8586,0
8587,0
8588,2
8589,2
8590,2
8591,1
8592,2
8593,1
8594,0
8595,0
8596,0
8597,1
8598,1
8599,1
8600,1
8601,2
8602,0
8603,2
8604,2
8605,0
8606,1
8607,2
8608,2
8609,1
8610,1
8611,2
8612,2
8613,2
8614,2
8615,2
8616,1
8617,2
8618,0
8619,0
8620,0
8621,0
8622,2
8623,2
8624,1
8625,0
8626,1
8627,1
8628,1
8629,0
8630,1
8631,0
8632,2
8633,2
8634,1
8635,2
8636,0
8637,0
8638,0
8639,1
8640,0
8641,0
8642,2
8643,1
8644,0
8645,1
8646,0
8647,1
8648,1
8649,1
8650,1
8651,2
8652,1
8653,2
8654,0
8655,1
8656,0
8657,0
8658,1
8659,0
8660,2
8661,2
8662,1
8663,2
8664,0
8665,2
8666,2
8667,1
8668,2
8669,1
8670,0
8671,2
8672,1
8673,0
8674,1
8675,0
8676,2
8677,2
8678,1
8679,1
8680,0
8681,1
8682,1
8683,0
8684,1
8685,0
8686,2
8687,1
8688,2
8689,1
8690,2
8691,2
8692,2
8693,0
8694,2
8695,1
8696,2
8697,0
8698,2
8699,1
8700,1
8701,2
8702,0
8703,2
8704,0
8705,0
8706,2
8707,1
8708,1
8709,2
8710,2
8711,1
8712,2
8713,1
8714,2
8715,1
8716,2
8717,0
8718,2
8719,1
8720,0
8721,2
8722,0
8723,2
8724,1
8725,1
8726,1
8727,2
8728,2
8729,0
8730,0
8731,0
8732,0
8733,2
8734,0
8735,0
8736,0
8737,1
8738,1
8739,2
8740,2
8741,2
8742,0
8743,1
8744,0
8745,0
8746,2
8747,1
8748,0
8749,1
8750,1
8751,2
8752,0
8753,2
8754,2
8755,2
8756,0
8757,1
8758,0
8759,2
8760,2
8761,2
8762,2
8763,0
8764,1
8765,1
8766,2
8767,2
8768,1
8769,2
8770,0
8771,0
8772,2
8773,1
8774,0
8775,0
8776,2
8777,0
8778,0
8779,1
8780,2
8781,2
8782,0
8783,1
8784,0
8785,2
8786,1
8787,0
8788,0
8789,2
8790,2
8791,1
8792,0
8793,2
8794,1
8795,1
8796,0
8797,0
8798,1
8799,1
8800,0
8801,2
8802,2
8803,1
8804,1
8805,2
8806,0
8807,1
8808,0
8809,0
8810,0
8811,0
8812,1
8813,2
8814,1
8815,2
8816,1
8817,2
8818,0
8819,2
8820,2
8821,0
8822,2
8823,2
8824,1
8825,1
8826,2
8827,1
8828,1
8829,1
8830,1
8831,0
8832,0
8833,0
8834,1
8835,0
8836,0
8837,2
8838,0
8839,1
8840,0
8841,1
8842,0
8843,2
8844,1
8845,1
8846,1
8847,0
8848,1
8849,1
8850,2
8851,1
8852,1
8853,2
8854,2
8855,2
8856,0
8857,1
8858,1
8859,0
8860,1
8861,1
8862,0
8863,0
8864,2
8865,0
8866,0
8867,2
8868,2
8869,1
8870,0
8871,1
8872,1
8873,1
8874,1
8875,0
8876,2
8877,2
8878,2
8879,1
8880,2
8881,2
8882,2
8883,2
8884,0
8885,1
8886,2
8887,2
8888,1
8889,1
8890,2
8891,1
8892,1
8893,0
8894,1
8895,2
8896,0
8897,0
8898,1
8899,2
8900,1
8901,2
8902,1
8903,2
8904,1
8905,0
8906,2
8907,2
8908,2
8909,1
8910,2
8911,2
8912,0
8913,2
8914,0
8915,1
8916,0
8917,2
8918,2
8919,1
8920,2
8921,0
8922,1
8923,0
8924,0
8925,1
8926,1
8927,1
8928,2
8929,1
8930,0
8931,0
8932,2
8933,0
8934,1
8935,1
8936,1
8937,2
8938,0
8939,1
8940,1
8941,1
8942,1
8943,2
8944,1
8945,0
8946,0
8947,2
8948,0
8949,1
8950,0
8951,2
8952,2
8953,0
8954,0
8955,2
8956,2
8957,2
8958,2
8959,0
8960,0
8961,1
8962,1
8963,2
8964,2
8965,1
8966,0
8967,1
8968,1
8969,2
8970,1
8971,2
8972,0
8973,1
8974,2
8975,2
8976,1
8977,2
8978,2
8979,1
8980,1
8981,1
8982,1
8983,0
8984,0
8985,0
8986,1
8987,1
8988,1
8989,2
8990,1
8991,0
8992,2
8993,0
8994,0
8995,2
8996,1
8997,2
8998,1
8999,0
